trade_id,stock_symbol,quantity,purchase_price,sale_price,purchase_date,sale_date,profit,transaction_fee,net_profit
1,AFSS,8881,612.77,181.89,9/26/2022,1/30/2021,-430.88,60.1,-490.98
2,OAS,1166,676.96,1.66,4/30/2020,11/8/2022,-675.3,77.01,-752.31
3,SORL,5890,904.44,860.84,12/30/2021,1/19/2021,-43.6,71.74,-115.34
4,PBPB,4242,369.02,122.47,2/25/2020,7/17/2022,-246.55,20.42,-266.97
5,OSBCP,7819,736.91,696.52,8/30/2020,6/14/2020,-40.39,31.55,-71.94
6,M,2620,182.1,965.32,12/9/2022,7/17/2021,783.22,69.92,713.3
7,EEMA,2185,658.79,380.65,11/26/2021,8/30/2022,-278.14,80.77,-358.91
8,APWC,4094,830.89,327.51,10/20/2020,9/4/2020,-503.38,82.59,-585.97
9,FRSX,14,705.45,50.53,6/29/2020,6/18/2022,-654.92,54.64,-709.56
10,NATI,6371,118.64,864.93,10/23/2021,1/11/2021,746.29,83.04,663.25
11,SSYS,4956,161.18,354.18,1/17/2020,9/7/2022,193.0,56.7,136.3
12,PGRE,4159,882.31,733.72,10/6/2022,8/20/2020,-148.59,53.98,-202.57
13,SCHW,8798,272.84,996.73,5/23/2022,7/11/2022,723.89,48.72,675.17
14,AYA,9982,162.01,627.63,5/10/2021,11/11/2020,465.62,74.51,391.11
15,TROW,6176,418.06,727.86,2/21/2022,5/10/2021,309.8,8.36,301.44
16,CYOU,7902,214.22,171.76,10/5/2020,2/3/2022,-42.46,51.48,-93.94
17,TSBK,374,982.57,420.93,7/18/2020,11/30/2021,-561.64,31.89,-593.53
18,ARLP,3107,409.86,630.67,11/4/2021,7/26/2021,220.81,27.57,193.24
19,ELP,6460,187.78,311.54,6/16/2022,5/10/2020,123.76,82.47,41.29
20,MCRN,3082,459.5,602.82,3/12/2022,6/12/2022,143.32,83.54,59.78
21,DVCR,1972,862.77,635.08,6/16/2021,1/9/2020,-227.69,86.05,-313.74
22,EVGBC,7060,67.29,378.59,11/17/2022,11/10/2020,311.3,63.43,247.87
23,PCRX,9212,921.0,811.71,5/29/2020,5/28/2022,-109.29,94.62,-203.91
24,STAA,5372,480.36,621.86,4/1/2022,7/15/2021,141.5,47.36,94.14
25,PSCU,1118,63.92,928.7,6/20/2021,5/24/2020,864.78,92.6,772.18
26,BBU,1479,965.37,830.28,6/9/2020,8/22/2021,-135.09,7.4,-142.49
27,PHH,2828,886.79,940.62,4/11/2020,6/18/2022,53.83,40.27,13.56
28,FTA,7958,688.51,580.21,4/27/2022,9/3/2020,-108.3,20.32,-128.62
29,CSV,8061,45.87,693.84,12/20/2020,8/12/2021,647.97,78.68,569.29
30,PTX,971,545.57,206.83,2/3/2021,7/5/2021,-338.74,28.41,-367.15
31,GPC,3392,632.09,226.43,3/10/2021,8/9/2021,-405.66,45.5,-451.16
32,ADNT,3968,822.77,531.01,5/19/2022,6/25/2022,-291.76,9.62,-301.38
33,FITBI,4496,838.48,528.9,10/13/2022,6/29/2022,-309.58,56.64,-366.22
34,SHG,4887,629.54,468.51,5/26/2021,11/4/2021,-161.03,0.72,-161.75
35,TANH,8344,29.25,799.1,6/28/2021,12/16/2021,769.85,19.72,750.13
36,PHD,3623,439.88,198.17,3/4/2021,6/27/2020,-241.71,48.24,-289.95
37,ALCO,1768,407.92,861.88,7/16/2022,11/14/2022,453.96,71.74,382.22
38,NW^C,8606,266.5,913.16,2/5/2020,11/12/2022,646.66,79.79,566.87
39,DXCM,6105,768.32,433.98,1/5/2020,8/5/2021,-334.34,91.55,-425.89
40,IRET^B,5820,803.2,779.95,7/25/2022,5/2/2021,-23.25,61.02,-84.27
41,LDOS,673,213.92,340.48,11/14/2021,12/29/2021,126.56,38.35,88.21
42,CAMP,4530,374.81,802.54,11/12/2022,10/19/2022,427.73,63.0,364.73
43,LILA,3411,944.17,460.96,8/5/2021,4/11/2022,-483.21,40.51,-523.72
44,LJPC,1909,604.66,346.39,3/21/2022,9/22/2020,-258.27,29.58,-287.85
45,PAAC,7042,76.92,958.41,12/16/2022,7/12/2020,881.49,67.76,813.73
46,SNDX,8808,982.1,84.95,7/17/2022,7/7/2022,-897.15,62.63,-959.78
47,ARDM,1024,346.07,256.36,5/15/2020,9/6/2020,-89.71,7.66,-97.37
48,PSA^D,6689,482.75,103.72,10/23/2021,3/10/2021,-379.03,5.46,-384.49
49,ABTL,1090,644.78,739.89,6/18/2021,8/1/2021,95.11,12.93,82.18
50,CCCR,6026,775.32,525.16,10/8/2022,3/6/2021,-250.16,97.22,-347.38
51,INGR,2526,346.81,277.48,4/4/2021,2/4/2022,-69.33,18.12,-87.45
52,CTLT,9095,512.6,153.0,1/3/2022,11/11/2021,-359.6,37.62,-397.22
53,CAL,4720,386.84,55.39,4/12/2021,12/5/2020,-331.45,18.32,-349.77
54,HOME,2908,862.18,155.27,4/25/2022,11/7/2022,-706.91,8.23,-715.14
55,FBZ,4659,830.09,696.07,12/13/2022,8/25/2020,-134.02,5.01,-139.03
56,CZFC,5539,247.03,166.18,5/29/2022,7/1/2021,-80.85,42.42,-123.27
57,TV,3962,441.61,879.57,9/15/2022,7/27/2022,437.96,80.81,357.15
58,FNB^E,8491,478.75,486.38,9/20/2022,9/21/2021,7.63,3.06,4.57
59,AAN,8274,697.71,905.04,10/29/2020,10/20/2021,207.33,3.48,203.85
60,IDSY,612,73.15,833.59,6/3/2021,4/26/2022,760.44,61.03,699.41
61,DVCR,5773,497.63,940.38,4/26/2020,11/1/2022,442.75,46.3,396.45
62,NQP,8727,561.15,756.16,6/2/2020,11/19/2021,195.01,79.87,115.14
63,UNVR,708,799.82,511.31,7/9/2020,4/23/2020,-288.51,10.17,-298.68
64,FTXG,3803,588.64,683.56,1/13/2022,5/2/2021,94.92,73.18,21.74
65,VC,8710,920.58,540.11,1/8/2020,4/27/2022,-380.47,9.1,-389.57
66,PDP,3598,323.83,883.22,8/6/2020,10/25/2022,559.39,94.05,465.34
67,PUMP,1772,101.73,298.63,8/4/2020,4/16/2020,196.9,10.91,185.99
68,NWE,9907,263.61,701.86,1/5/2022,2/14/2022,438.25,1.24,437.01
69,FISV,6350,578.98,696.69,11/8/2020,8/24/2022,117.71,39.52,78.19
70,INB,7303,987.8,102.15,2/3/2020,8/16/2021,-885.65,30.08,-915.73
71,GPIC,3490,577.9,980.27,8/8/2022,11/27/2022,402.37,71.65,330.72
72,SAN^I,422,45.72,632.69,10/12/2020,6/19/2022,586.97,14.15,572.82
73,SUI^A,638,682.9,201.99,6/18/2021,1/21/2022,-480.91,21.25,-502.16
74,MTL,378,207.19,873.06,5/28/2021,4/3/2021,665.87,42.36,623.51
75,BKCC,5938,737.51,953.58,5/21/2021,10/26/2021,216.07,41.68,174.39
76,BCOV,9175,341.83,830.48,6/27/2022,10/12/2020,488.65,87.59,401.06
77,AQXP,6386,56.78,150.89,9/22/2022,6/6/2022,94.11,16.03,78.08
78,SCSC,1975,155.36,614.61,12/29/2020,8/3/2021,459.25,27.62,431.63
79,AGFSW,5620,499.66,46.95,5/16/2022,5/7/2022,-452.71,21.46,-474.17
80,SRLP,4771,963.23,486.73,7/19/2021,7/15/2022,-476.5,63.56,-540.06
81,RNR^C,8769,488.06,7.78,9/17/2021,12/8/2022,-480.28,33.42,-513.7
82,CAH,7243,638.89,72.8,6/30/2021,8/1/2021,-566.09,78.0,-644.09
83,DGX,3319,614.48,903.8,9/4/2022,9/1/2021,289.32,23.35,265.97
84,SBLKL,3791,968.24,874.49,4/2/2021,1/3/2021,-93.75,52.92,-146.67
85,GFA,8712,626.63,841.84,7/16/2022,8/23/2020,215.21,65.95,149.26
86,CNK,1515,346.61,398.62,7/8/2022,2/15/2021,52.01,11.3,40.71
87,SYNC,8298,231.8,327.83,9/14/2020,5/1/2021,96.03,73.34,22.69
88,OVID,1308,445.6,655.91,10/4/2020,1/7/2020,210.31,84.85,125.46
89,CHEF,5396,306.84,667.33,11/18/2022,6/9/2020,360.49,50.45,310.04
90,CACC,2382,185.12,618.94,4/12/2020,7/31/2022,433.82,57.14,376.68
91,EVBS,3425,337.09,857.45,8/15/2020,9/7/2021,520.36,58.65,461.71
92,EAE,7339,848.05,674.72,5/20/2021,2/26/2022,-173.33,37.99,-211.32
93,COST,7705,734.42,200.85,2/27/2022,1/5/2020,-533.57,89.07,-622.64
94,MPCT,4490,580.84,84.57,7/12/2021,10/11/2020,-496.27,54.5,-550.77
95,TWX,2730,270.92,151.71,11/18/2021,5/1/2020,-119.21,54.2,-173.41
96,UTHR,790,441.43,789.19,9/22/2020,8/31/2022,347.76,14.72,333.04
97,INCR,8199,18.68,623.9,5/12/2021,8/8/2022,605.22,81.97,523.25
98,ALT,7417,434.19,946.64,1/25/2020,9/24/2021,512.45,42.01,470.44
99,NDRAW,8145,226.37,534.76,1/28/2022,8/23/2021,308.39,74.55,233.84
100,ON,522,441.82,479.21,12/23/2020,12/22/2022,37.39,85.96,-48.57
101,DST,8192,956.92,119.1,10/1/2020,9/18/2020,-837.82,24.94,-862.76
102,ANDAU,9792,245.58,648.46,1/4/2022,6/7/2021,402.88,54.87,348.01
103,ZB^G,3280,395.15,892.5,8/23/2021,4/14/2022,497.35,35.98,461.37
104,TTMI,4834,828.75,399.43,1/8/2021,9/19/2022,-429.32,74.8,-504.12
105,UN,8587,137.4,30.02,12/27/2020,7/5/2021,-107.38,55.38,-162.76
106,SAIC,6427,214.27,725.89,9/7/2020,1/25/2020,511.62,99.99,411.63
107,ANW,1503,671.49,416.52,7/31/2022,4/19/2020,-254.97,24.32,-279.29
108,SIGM,6000,155.7,203.82,11/2/2022,10/12/2020,48.12,12.97,35.15
109,SLTB,7209,380.21,319.19,5/2/2021,10/3/2020,-61.02,88.99,-150.01
110,XRAY,2471,749.21,714.23,4/24/2022,9/12/2020,-34.98,42.22,-77.2
111,COF^G,779,974.56,662.23,8/6/2021,8/11/2021,-312.33,3.4,-315.73
112,OACQ,2803,478.76,309.97,3/3/2022,9/14/2021,-168.79,44.88,-213.67
113,HIFR,8632,851.03,792.66,3/6/2022,6/8/2021,-58.37,54.82,-113.19
114,FTA,1955,852.77,90.52,10/9/2022,4/19/2020,-762.25,54.59,-816.84
115,RPAI,7265,215.83,915.01,7/23/2022,1/4/2020,699.18,43.92,655.26
116,UDBI,3143,373.18,228.37,12/29/2021,7/7/2022,-144.81,60.19,-205.0
117,KLIC,250,910.14,154.06,5/9/2022,2/2/2022,-756.08,93.82,-849.9
118,DTYL,8840,304.47,854.76,6/5/2020,10/17/2022,550.29,29.4,520.89
119,VIRC,1596,168.57,171.65,1/20/2021,11/2/2020,3.08,30.07,-26.99
120,FRO,4127,976.05,546.26,5/24/2021,5/1/2020,-429.79,6.66,-436.45
121,LAD,5331,54.26,853.67,2/22/2021,2/6/2020,799.41,65.09,734.32
122,TRN,2085,588.53,652.14,7/24/2020,5/20/2020,63.61,63.27,0.34
123,REGI,6011,521.67,434.56,4/2/2020,5/1/2022,-87.11,81.72,-168.83
124,PTEN,5204,299.82,278.06,1/20/2020,6/25/2022,-21.76,19.24,-41.0
125,C^J,4047,873.11,574.97,5/8/2022,10/8/2022,-298.14,53.48,-351.62
126,IESC,7913,311.37,382.32,8/5/2020,6/5/2022,70.95,63.54,7.41
127,GIMO,4427,449.47,385.34,11/29/2021,10/20/2021,-64.13,86.28,-150.41
128,EOD,1100,797.32,14.26,6/12/2021,3/24/2020,-783.06,89.51,-872.57
129,IPAR,272,92.4,150.66,4/1/2021,7/15/2021,58.26,68.02,-9.76
130,HCA,6863,605.35,274.72,1/18/2022,12/13/2021,-330.63,86.41,-417.04
131,ALX,2310,626.34,33.42,12/13/2020,8/23/2022,-592.92,49.15,-642.07
132,S,2066,721.02,702.13,8/21/2022,2/14/2022,-18.89,96.65,-115.54
133,FCB,7296,323.37,383.79,7/4/2021,3/13/2022,60.42,32.86,27.56
134,TCO,5327,702.9,669.74,11/11/2021,12/14/2020,-33.16,77.49,-110.65
135,UEIC,8471,757.71,244.28,12/8/2022,6/1/2020,-513.43,30.2,-543.63
136,VNCE,4804,143.76,842.63,7/12/2020,4/17/2020,698.87,80.44,618.43
137,DEO,4467,70.29,684.03,3/20/2020,10/12/2022,613.74,31.32,582.42
138,BHAC,4797,195.58,466.99,4/11/2022,5/1/2021,271.41,20.75,250.66
139,WVE,3607,349.04,773.2,11/8/2022,4/6/2021,424.16,25.35,398.81
140,SQZZ,4675,532.25,284.71,6/21/2020,4/1/2022,-247.54,78.81,-326.35
141,AZO,9885,25.3,966.22,11/21/2022,4/21/2022,940.92,74.81,866.11
142,CATH,6071,363.16,647.79,2/5/2021,1/6/2022,284.63,80.06,204.57
143,APRI,7528,597.26,112.83,12/9/2022,5/31/2021,-484.43,35.06,-519.49
144,AMH^A,5926,606.78,793.16,5/25/2022,8/7/2022,186.38,46.24,140.14
145,FDEU,7165,841.73,883.88,10/21/2022,12/20/2020,42.15,4.34,37.81
146,KMF,3209,546.53,802.31,1/1/2022,3/17/2022,255.78,38.31,217.47
147,OASM,4029,742.09,230.14,1/14/2020,6/25/2020,-511.95,28.86,-540.81
148,LMRKP,8030,366.02,450.21,1/25/2022,2/1/2022,84.19,89.61,-5.42
149,CHKR,2301,969.36,710.17,2/19/2020,4/22/2020,-259.19,28.82,-288.01
150,RUBI,9948,835.41,82.71,8/31/2021,2/14/2020,-752.7,31.18,-783.88
151,SPB           ,4733,929.99,90.5,6/17/2020,7/15/2020,-839.49,13.89,-853.38
152,APOPW,3443,787.14,481.93,4/20/2022,8/4/2022,-305.21,19.48,-324.69
153,GPOR,8438,170.35,105.3,5/28/2022,12/29/2021,-65.05,70.82,-135.87
154,INO,8287,154.6,172.32,11/29/2021,4/29/2021,17.72,83.71,-65.99
155,DRA,3167,540.8,388.14,1/10/2022,9/5/2020,-152.66,10.57,-163.23
156,BEP,8256,702.86,680.55,12/12/2020,6/25/2020,-22.31,45.32,-67.63
157,SWZ,8680,492.4,74.91,6/23/2020,9/6/2022,-417.49,96.96,-514.45
158,GAINM,7724,104.97,399.83,2/2/2021,12/20/2021,294.86,90.76,204.1
159,CDR,5233,914.05,373.66,3/25/2020,12/18/2021,-540.39,6.56,-546.95
160,ARE,8362,260.3,709.25,8/16/2021,3/18/2020,448.95,76.35,372.6
161,NOA,9514,797.53,905.3,7/9/2021,12/19/2021,107.77,75.77,32.0
162,CNSL,118,707.93,600.97,9/11/2020,3/3/2022,-106.96,17.04,-124.0
163,ANDE,10,652.0,767.8,11/21/2020,10/4/2022,115.8,3.66,112.14
164,LVLT,4985,444.55,905.81,12/5/2020,6/15/2020,461.26,65.56,395.7
165,LILA,1109,889.59,313.17,9/30/2020,3/31/2022,-576.42,28.05,-604.47
166,TICCL,6646,774.83,652.73,6/5/2022,11/12/2022,-122.1,66.1,-188.2
167,MATR,7467,586.37,293.58,3/14/2020,3/12/2022,-292.79,3.41,-296.2
168,RPXC,4275,997.14,893.13,2/7/2022,12/10/2020,-104.01,18.24,-122.25
169,TU,213,742.98,312.45,10/4/2021,9/6/2020,-430.53,11.87,-442.4
170,NYT,5617,473.73,414.87,8/19/2020,10/18/2022,-58.86,33.37,-92.23
171,TSQ,9818,78.36,331.33,11/23/2021,7/10/2021,252.97,9.1,243.87
172,NFEC,714,80.71,455.09,1/7/2022,11/8/2021,374.38,0.24,374.14
173,STZ.B,1309,571.54,840.01,12/3/2022,3/28/2020,268.47,70.85,197.62
174,PACB,7043,655.44,803.72,7/21/2021,11/26/2021,148.28,2.79,145.49
175,FMAO,6710,859.52,189.26,3/15/2022,5/1/2022,-670.26,13.1,-683.36
176,CRDT,596,240.86,908.23,6/21/2020,5/28/2021,667.37,99.92,567.45
177,BPTH,2891,237.74,24.63,6/14/2022,2/2/2020,-213.11,32.59,-245.7
178,PVTB,5276,915.9,703.41,6/12/2022,1/16/2022,-212.49,41.46,-253.95
179,BML^J,5277,271.83,380.26,11/9/2020,2/24/2022,108.43,35.37,73.06
180,FSBC,7690,991.46,276.35,1/16/2022,9/18/2020,-715.11,89.51,-804.62
181,HALL,1304,558.6,822.46,3/15/2022,6/19/2021,263.86,32.99,230.87
182,CRCM,1936,955.5,533.42,12/13/2022,5/21/2020,-422.08,89.81,-511.89
183,SWIN,2753,722.99,913.37,12/22/2022,2/23/2022,190.38,33.47,156.91
184,WRB,1298,323.24,607.12,4/21/2021,2/21/2020,283.88,26.65,257.23
185,OHAI,9313,792.78,171.78,6/20/2020,1/17/2021,-621.0,86.74,-707.74
186,POWL,5247,899.41,217.41,5/15/2022,12/12/2021,-682.0,13.16,-695.16
187,TICCL,5712,654.78,708.71,8/7/2020,5/17/2021,53.93,65.39,-11.46
188,CW,4855,822.05,829.87,6/30/2021,8/5/2020,7.82,37.03,-29.21
189,CLGX,8072,420.37,764.95,5/20/2020,2/14/2022,344.58,6.22,338.36
190,TTWO,9807,987.93,908.44,3/1/2020,11/10/2020,-79.49,15.43,-94.92
191,CXP,2148,489.24,971.36,2/14/2021,1/20/2020,482.12,32.36,449.76
192,NVRO,5905,622.87,494.31,2/23/2022,2/22/2022,-128.56,15.21,-143.77
193,CENT,8557,397.94,804.95,6/24/2021,3/4/2021,407.01,27.74,379.27
194,TGP,3158,236.82,840.0,12/13/2021,10/21/2021,603.18,76.81,526.37
195,MBRX,2317,115.4,423.28,7/29/2020,8/8/2022,307.88,84.73,223.15
196,EPR^C,3058,725.56,396.42,7/14/2022,9/17/2022,-329.14,75.56,-404.7
197,NEWR,7333,485.21,216.11,9/16/2022,7/28/2021,-269.1,97.84,-366.94
198,TIVO,393,21.5,866.43,5/30/2020,10/4/2021,844.93,48.7,796.23
199,MTD,9593,894.84,586.71,1/23/2020,1/7/2021,-308.13,78.2,-386.33
200,D,8502,243.55,50.59,8/10/2022,3/18/2020,-192.96,86.16,-279.12
201,MLCO,3586,657.15,187.47,9/3/2022,6/7/2021,-469.68,43.32,-513.0
202,SOI,6475,600.5,663.17,1/28/2021,4/5/2020,62.67,64.99,-2.32
203,NDP,1841,305.71,884.58,9/19/2020,6/16/2020,578.87,79.4,499.47
204,SLIM,6288,230.08,830.87,12/23/2022,11/25/2020,600.79,91.52,509.27
205,CPE^A,7795,957.6,917.99,12/13/2022,9/6/2022,-39.61,33.34,-72.95
206,UPL,5512,433.01,503.84,7/16/2021,3/24/2021,70.83,73.7,-2.87
207,FKU,7588,686.74,53.43,1/19/2022,5/25/2022,-633.31,24.31,-657.62
208,PCMI,5850,907.57,595.69,8/21/2021,9/16/2021,-311.88,59.35,-371.23
209,JVA,6479,361.06,365.2,8/2/2022,11/3/2020,4.14,32.73,-28.59
210,CRL,3086,51.73,28.92,9/1/2022,3/25/2022,-22.81,42.54,-65.35
211,RMP,7758,493.82,549.5,3/1/2022,10/7/2021,55.68,96.8,-41.12
212,AGU,949,953.46,117.53,9/1/2021,3/23/2021,-835.93,98.24,-934.17
213,FEMB,3842,945.19,349.16,1/7/2020,4/29/2022,-596.03,31.66,-627.69
214,LRAD,2720,701.34,632.35,11/28/2022,5/10/2022,-68.99,11.53,-80.52
215,FRPT,4835,65.18,47.25,4/13/2020,8/2/2021,-17.93,17.3,-35.23
216,ORBK,4986,824.03,848.74,8/13/2022,9/13/2022,24.71,70.54,-45.83
217,CHK^D,9214,509.71,685.77,11/16/2020,6/9/2020,176.06,43.69,132.37
218,VLY.WS,4107,58.51,953.96,5/25/2022,5/5/2020,895.45,3.51,891.94
219,AVGR,6521,532.81,469.64,5/15/2022,3/9/2022,-63.17,84.29,-147.46
220,WETF,118,932.13,708.63,8/22/2021,8/31/2021,-223.5,21.11,-244.61
221,NGL,3137,905.02,976.13,4/5/2020,8/10/2022,71.11,64.11,7.0
222,VRS,9646,247.79,275.56,12/25/2022,9/5/2022,27.77,66.42,-38.65
223,NI,3598,34.52,763.08,2/19/2020,9/18/2020,728.56,62.54,666.02
224,CNBKA,4345,408.36,681.21,12/19/2021,10/26/2022,272.85,3.47,269.38
225,SCHW^C,5712,259.56,22.46,3/23/2022,10/3/2021,-237.1,23.96,-261.06
226,ABR^A,9099,802.13,810.68,4/4/2020,3/5/2021,8.55,29.92,-21.37
227,FTRI,689,0.72,268.37,12/14/2022,7/20/2022,267.65,97.17,170.48
228,ARAY,536,788.68,26.66,1/11/2022,6/9/2020,-762.02,32.49,-794.51
229,PGJ,6602,246.29,775.32,12/27/2020,9/9/2021,529.03,99.31,429.72
230,SCE^F,8045,667.85,520.86,11/26/2020,12/6/2020,-146.99,48.95,-195.94
231,TSO,7109,955.2,7.53,2/2/2020,11/7/2022,-947.67,36.39,-984.06
232,JQC,1653,7.83,644.33,9/17/2021,11/8/2021,636.5,73.77,562.73
233,NEM,1735,352.41,904.03,8/31/2020,5/6/2021,551.62,44.91,506.71
234,ALDR,5470,464.71,875.95,2/14/2020,10/25/2022,411.24,80.07,331.17
235,CFMS,7509,640.45,787.54,10/25/2022,6/12/2022,147.09,5.23,141.86
236,NBB,6769,488.65,841.04,1/29/2021,9/18/2021,352.39,72.57,279.82
237,SC,1234,850.89,987.0,9/28/2021,2/2/2022,136.11,2.51,133.6
238,MPACU,1561,281.98,290.55,7/12/2020,5/11/2022,8.57,97.59,-89.02
239,WFC^J,6078,678.81,757.93,2/13/2020,7/10/2020,79.12,65.97,13.15
240,DNB,5922,538.57,664.67,11/28/2021,6/29/2020,126.1,26.08,100.02
241,DSE,9841,682.65,461.42,1/31/2022,8/7/2022,-221.23,45.67,-266.9
242,CHEKW,2096,67.85,388.29,5/14/2022,12/6/2021,320.44,54.04,266.4
243,ZGNX,4875,205.54,885.41,7/14/2022,11/14/2020,679.87,31.4,648.47
244,SMI,8439,153.43,169.18,3/7/2022,5/25/2022,15.75,3.03,12.72
245,AFGH,6766,381.55,492.23,6/30/2022,8/6/2022,110.68,77.7,32.98
246,YTEN,9841,162.71,374.78,4/18/2022,10/11/2022,212.07,25.71,186.36
247,PERI,1702,712.66,820.24,7/19/2022,1/22/2020,107.58,90.21,17.37
248,MARA,1027,354.47,931.88,7/28/2021,7/18/2020,577.41,97.96,479.45
249,MUJ,9395,16.64,443.66,12/11/2021,8/24/2021,427.02,26.54,400.48
250,BPL,4574,732.27,989.23,6/27/2020,1/13/2020,256.96,61.15,195.81
251,CTRE,8482,114.19,708.84,4/24/2020,2/20/2020,594.65,29.23,565.42
252,IPWR,8710,186.27,891.9,2/23/2021,8/3/2022,705.63,52.02,653.61
253,CTRV,6703,773.53,498.12,3/21/2020,9/7/2020,-275.41,51.13,-326.54
254,OSB,5422,649.93,501.61,5/31/2020,12/23/2020,-148.32,63.91,-212.23
255,IGT,3177,498.78,442.25,7/31/2020,12/10/2020,-56.53,2.81,-59.34
256,BCTF,3770,673.23,146.54,10/14/2020,11/10/2020,-526.69,18.41,-545.1
257,FPI,5647,990.46,230.85,8/29/2021,10/30/2020,-759.61,25.07,-784.68
258,FIBK,7630,509.05,928.01,8/26/2020,5/28/2020,418.96,22.25,396.71
259,CNTY,10000,78.58,645.92,4/6/2022,10/28/2021,567.34,2.69,564.65
260,NTEST.A,6683,271.11,759.93,4/19/2021,2/22/2020,488.82,15.21,473.61
261,PBI,571,890.53,727.97,12/20/2021,7/7/2020,-162.56,87.93,-250.49
262,PACD,1555,512.13,125.79,9/17/2020,1/12/2020,-386.34,64.78,-451.12
263,PHH,1885,915.73,79.91,5/22/2021,8/28/2020,-835.82,65.44,-901.26
264,AFGH,1523,993.04,795.15,11/4/2021,1/13/2021,-197.89,72.79,-270.68
265,WD,4999,951.5,743.71,1/26/2021,1/31/2021,-207.79,12.26,-220.05
266,HWCC,2987,503.99,19.12,10/27/2021,4/26/2022,-484.87,98.63,-583.5
267,CAL,6920,477.06,862.83,2/20/2021,6/21/2022,385.77,67.49,318.28
268,XOMA,3450,300.09,225.0,6/16/2022,12/29/2022,-75.09,88.23,-163.32
269,RMT,6854,624.6,542.95,7/15/2020,5/15/2021,-81.65,13.76,-95.41
270,INSM,1282,874.18,614.25,9/3/2021,4/15/2021,-259.93,43.88,-303.81
271,PII,4350,500.6,210.43,7/7/2020,7/3/2020,-290.17,39.74,-329.91
272,TFSL,2912,610.35,74.93,5/25/2020,7/28/2020,-535.42,36.33,-571.75
273,SGRP,4617,388.64,614.49,1/9/2021,8/3/2022,225.85,39.82,186.03
274,RFDI,2318,433.52,127.54,12/1/2022,5/31/2022,-305.98,22.89,-328.87
275,BREW,4434,496.03,858.8,6/7/2022,2/17/2021,362.77,10.54,352.23
276,AIRT,4605,127.51,683.64,6/18/2020,7/31/2020,556.13,0.8,555.33
277,WHLR,1546,256.1,787.16,1/5/2020,12/10/2020,531.06,2.93,528.13
278,FTGC,9608,158.21,486.94,5/4/2022,1/23/2021,328.73,43.3,285.43
279,ENV,929,956.2,593.38,7/7/2021,6/24/2020,-362.82,22.08,-384.9
280,ONS,4926,400.49,326.42,6/4/2020,10/11/2022,-74.07,15.23,-89.3
281,LM,6004,492.82,35.74,6/25/2021,6/3/2021,-457.08,92.61,-549.69
282,SEDG,9242,894.06,931.79,11/22/2021,9/2/2021,37.73,88.88,-51.15
283,WFC^N,233,90.2,234.49,3/9/2022,8/31/2022,144.29,20.64,123.65
284,NICK,1312,577.6,735.23,3/15/2022,2/14/2021,157.63,48.46,109.17
285,SAN^I,7143,404.15,780.22,12/24/2020,9/15/2022,376.07,29.01,347.06
286,AFSI^D,4521,848.71,244.4,5/31/2020,9/6/2022,-604.31,19.8,-624.11
287,VBFC,1003,978.54,899.46,1/21/2021,2/26/2021,-79.08,19.68,-98.76
288,HSII,8130,109.37,725.2,6/30/2021,2/26/2020,615.83,38.6,577.23
289,BLVD,9333,498.94,604.91,4/6/2022,7/28/2022,105.97,40.26,65.71
290,ALLY^A,9952,216.41,224.06,4/16/2021,11/26/2022,7.65,14.37,-6.72
291,YUMC,7667,324.96,144.02,5/24/2022,7/3/2022,-180.94,76.59,-257.53
292,SEDG,5171,620.37,538.61,5/20/2022,4/1/2021,-81.76,55.63,-137.39
293,MDRX,1690,75.23,966.27,11/29/2020,5/11/2021,891.04,30.18,860.86
294,TOT,7431,961.06,38.15,6/18/2022,8/30/2022,-922.91,92.99,-1015.9
295,SLNO,1875,606.37,208.13,5/14/2021,4/22/2020,-398.24,3.65,-401.89
296,PKE,4978,840.66,357.11,5/4/2020,10/26/2022,-483.55,33.2,-516.75
297,ZBRA,6134,886.39,918.27,9/17/2020,3/29/2022,31.88,75.37,-43.49
298,ADC,7281,907.78,578.19,3/6/2020,6/17/2022,-329.59,50.03,-379.62
299,DM,2172,668.0,439.22,10/27/2020,3/24/2020,-228.78,8.39,-237.17
300,BMS,2866,365.08,407.17,7/5/2021,4/6/2021,42.09,39.46,2.63
301,FULLL,801,715.04,333.94,4/22/2022,4/1/2021,-381.1,6.01,-387.11
302,DEI,1425,141.21,482.82,2/17/2022,10/23/2022,341.61,38.56,303.05
303,NVTA,3085,122.01,795.13,1/14/2020,2/4/2022,673.12,76.71,596.41
304,ACHN,3283,187.91,927.64,6/6/2020,4/8/2021,739.73,16.25,723.48
305,FIZZ,7163,943.56,907.74,3/31/2021,1/7/2020,-35.82,66.76,-102.58
306,KEYS,8378,485.39,133.76,9/12/2022,8/25/2022,-351.63,36.1,-387.73
307,RUSHA,6574,977.86,166.25,8/23/2021,4/13/2022,-811.61,70.7,-882.31
308,COTY,4467,601.29,888.9,12/24/2020,8/14/2020,287.61,9.88,277.73
309,ALL^B,9722,802.36,16.59,3/23/2022,6/27/2020,-785.77,85.0,-870.77
310,RGC,4146,341.85,497.98,9/30/2021,7/16/2021,156.13,5.32,150.81
311,BSTC,4769,751.09,805.41,6/3/2022,12/6/2021,54.32,81.96,-27.64
312,ALL^F,8301,994.1,550.61,2/26/2022,6/19/2020,-443.49,98.57,-542.06
313,COL,3244,708.44,276.27,11/20/2020,2/17/2020,-432.17,17.67,-449.84
314,PEB,3783,878.76,902.1,1/6/2022,8/26/2022,23.34,20.66,2.68
315,EAGLU,2145,610.44,875.86,1/31/2022,9/2/2021,265.42,26.74,238.68
316,GTT,2950,81.32,612.86,7/26/2020,11/22/2022,531.54,42.44,489.1
317,CYRX,5177,732.27,508.52,8/4/2021,5/30/2021,-223.75,91.74,-315.49
318,CTRL,841,665.47,54.83,4/30/2022,1/23/2022,-610.64,96.91,-707.55
319,PCBK,1432,506.97,625.81,8/16/2021,4/1/2020,118.84,22.91,95.93
320,DVN,6132,353.76,199.1,1/18/2020,5/16/2020,-154.66,38.56,-193.22
321,GTYHU,1350,657.66,226.04,8/15/2022,9/10/2020,-431.62,57.93,-489.55
322,ONCS,9331,191.92,385.05,2/12/2021,1/26/2020,193.13,13.67,179.46
323,FINX,3234,954.94,461.42,10/4/2021,11/22/2021,-493.52,24.96,-518.48
324,HOME,4658,782.08,115.95,9/22/2020,1/3/2020,-666.13,83.39,-749.52
325,MGPI,458,197.52,265.57,3/17/2022,11/19/2022,68.05,60.11,7.94
326,MSCI,3691,172.25,947.57,1/26/2020,6/16/2021,775.32,62.05,713.27
327,SGQI,6424,209.66,396.54,7/7/2021,8/5/2020,186.88,5.65,181.23
328,FULT,1171,339.11,238.4,12/27/2022,9/24/2020,-100.71,96.22,-196.93
329,MATX,1875,620.05,712.11,4/11/2022,8/13/2022,92.06,13.14,78.92
330,BLRX,9798,96.63,30.79,1/11/2020,2/3/2020,-65.84,71.46,-137.3
331,AMH^D,2221,64.28,199.97,7/31/2021,3/16/2022,135.69,91.43,44.26
332,JASO,7802,108.95,595.87,10/23/2020,3/12/2021,486.92,99.07,387.85
333,MER^P,4966,550.19,611.31,2/21/2021,12/15/2020,61.12,15.45,45.67
334,JSYNR,6907,930.96,683.76,6/16/2021,5/14/2021,-247.2,89.38,-336.58
335,TCFC,1900,461.22,296.49,12/11/2020,10/24/2020,-164.73,80.64,-245.37
336,GAM^B,2547,856.25,462.28,1/8/2022,3/24/2021,-393.97,12.31,-406.28
337,NEE^Q,9795,220.41,228.42,11/6/2021,8/7/2020,8.01,42.38,-34.37
338,PLOW,3817,389.27,472.91,8/23/2022,4/11/2022,83.64,25.58,58.06
339,CNO,2631,102.27,37.53,7/18/2021,9/28/2022,-64.74,56.02,-120.76
340,HGSH,676,852.03,75.31,7/18/2022,12/19/2021,-776.72,52.2,-828.92
341,RLGY,528,478.18,240.13,5/9/2020,12/23/2022,-238.05,55.67,-293.72
342,EOD,4835,602.15,227.65,11/26/2020,6/23/2021,-374.5,9.88,-384.38
343,APA,3062,178.55,178.98,10/16/2022,11/17/2020,0.43,73.0,-72.57
344,PVTD,6654,585.56,176.78,4/27/2020,7/16/2020,-408.78,18.64,-427.42
345,MANH,9041,707.69,383.31,8/27/2022,6/2/2020,-324.38,29.39,-353.77
346,TSNU,1581,959.45,903.18,11/19/2022,10/31/2021,-56.27,88.27,-144.54
347,CABO,1319,781.07,810.18,10/29/2020,3/23/2020,29.11,26.96,2.15
348,KITE,1412,209.23,119.68,4/10/2021,11/29/2020,-89.55,71.62,-161.17
349,SYF,7799,58.01,615.97,1/3/2020,7/5/2020,557.96,96.02,461.94
350,RY^T,7577,556.78,745.58,4/3/2021,12/22/2020,188.8,10.6,178.2
351,XNY,9151,911.84,473.74,7/21/2022,8/31/2022,-438.1,65.39,-503.49
352,SOHOB,7736,809.71,5.28,2/27/2020,2/9/2021,-804.43,53.81,-858.24
353,GT,6765,476.38,880.52,4/16/2022,1/24/2021,404.14,25.02,379.12
354,ERIC,2920,658.5,129.74,3/3/2022,2/11/2021,-528.76,26.27,-555.03
355,HEQ,6347,987.62,129.59,9/20/2022,7/19/2022,-858.03,2.77,-860.8
356,ENDP,120,431.52,38.13,9/19/2020,5/1/2022,-393.39,91.9,-485.29
357,BVN,6916,708.17,246.36,6/27/2022,2/19/2022,-461.81,20.9,-482.71
358,SOL,5791,570.0,858.69,6/15/2021,5/9/2021,288.69,44.77,243.92
359,SKLN,338,556.45,669.45,3/15/2020,10/19/2020,113.0,8.29,104.71
360,MGA,7964,152.95,643.38,11/14/2021,4/21/2022,490.43,99.31,391.12
361,BCPC,2000,235.84,171.4,2/24/2021,4/7/2022,-64.44,61.54,-125.98
362,PBB,4936,565.38,682.87,4/12/2020,1/16/2022,117.49,83.36,34.13
363,NXC,1155,478.77,470.94,4/24/2020,9/29/2021,-7.83,38.96,-46.79
364,JCTCF,2490,682.76,38.12,7/21/2020,10/13/2021,-644.64,52.58,-697.22
365,WILC,5948,660.78,559.05,11/22/2020,9/14/2022,-101.73,16.21,-117.94
366,LMRKO,6312,824.73,235.54,12/9/2021,6/30/2021,-589.19,42.11,-631.3
367,AFSI^C,5180,314.21,676.64,3/2/2021,10/25/2022,362.43,11.71,350.72
368,MIDD,8626,940.44,610.61,9/7/2022,4/25/2020,-329.83,94.28,-424.11
369,SCHW^C,2051,815.16,882.65,9/8/2021,7/13/2022,67.49,52.93,14.56
370,KOS,2036,6.63,163.73,1/18/2020,5/23/2021,157.1,26.85,130.25
371,BRFS,3609,224.69,367.2,6/28/2022,2/11/2022,142.51,1.9,140.61
372,CLNS^E,1023,290.3,997.33,2/18/2020,2/26/2020,707.03,34.06,672.97
373,ELECU,7440,288.67,407.44,6/9/2020,9/13/2021,118.77,25.47,93.3
374,ATAI,9286,467.23,612.77,12/20/2020,11/28/2021,145.54,29.21,116.33
375,WIT,8681,370.66,672.68,6/23/2022,7/1/2021,302.02,90.36,211.66
376,SOJB,5853,609.9,290.73,8/15/2022,6/18/2020,-319.17,88.12,-407.29
377,NEE^R,5224,584.32,461.65,5/19/2021,1/21/2021,-122.67,11.73,-134.4
378,FRPT,9761,716.0,440.06,7/13/2022,12/6/2020,-275.94,42.08,-318.02
379,PBI^B,2592,331.27,602.2,6/13/2020,7/24/2022,270.93,12.73,258.2
380,KLIC,5544,253.69,541.0,11/25/2022,2/6/2022,287.31,20.21,267.1
381,PIRS,46,602.16,257.26,7/11/2022,12/29/2021,-344.9,66.51,-411.41
382,BIS,3909,682.43,366.33,4/1/2022,12/19/2021,-316.1,19.31,-335.41
383,TNP^C,8618,246.55,552.1,6/7/2021,4/29/2022,305.55,45.69,259.86
384,XTLB,1473,645.0,311.62,1/23/2021,11/11/2020,-333.38,26.08,-359.46
385,FMN,8148,546.85,374.41,7/5/2021,11/30/2022,-172.44,25.4,-197.84
386,FEM,2089,67.84,550.96,10/23/2020,11/26/2020,483.12,96.71,386.41
387,BLVDW,2702,733.44,407.29,10/3/2020,8/5/2021,-326.15,91.57,-417.72
388,TV,4716,725.13,500.67,10/14/2021,5/17/2021,-224.46,0.87,-225.33
389,DWLD,2826,240.45,264.74,8/13/2022,12/9/2022,24.29,39.87,-15.58
390,LOPE,2398,33.27,889.03,5/23/2021,11/16/2021,855.76,17.4,838.36
391,BOSC,6295,95.26,304.68,9/13/2020,9/26/2021,209.42,12.81,196.61
392,DWCH,5129,668.11,878.3,1/20/2021,11/10/2020,210.19,84.24,125.95
393,EGIF,5819,604.65,672.88,8/3/2022,12/15/2022,68.23,96.87,-28.64
394,OTTR,5679,694.54,824.96,9/20/2022,10/9/2022,130.42,13.74,116.68
395,SGBK,5426,911.55,348.29,2/4/2022,6/25/2022,-563.26,62.6,-625.86
396,ASV,2044,545.43,799.12,7/10/2021,11/19/2022,253.69,11.53,242.16
397,WOOD,5289,278.61,729.49,11/18/2021,2/22/2022,450.88,61.75,389.13
398,CJ,6097,426.34,999.28,8/22/2021,5/10/2022,572.94,72.94,500.0
399,ARRY,9701,985.27,513.47,5/24/2022,8/31/2020,-471.8,51.79,-523.59
400,PTNR,6128,747.16,480.98,11/9/2020,7/30/2022,-266.18,8.57,-274.75
401,CETXP,9708,499.31,131.08,10/24/2020,6/9/2020,-368.23,63.68,-431.91
402,CCZ,2068,239.37,8.11,5/25/2022,7/8/2021,-231.26,60.64,-291.9
403,PBYI,9295,87.23,802.35,5/16/2020,4/1/2021,715.12,48.56,666.56
404,OCC,1500,172.34,384.62,2/9/2021,6/14/2021,212.28,85.97,126.31
405,PRFZ,3402,371.6,304.45,4/9/2020,7/9/2022,-67.15,21.24,-88.39
406,CLNT,4661,741.56,879.33,7/15/2021,9/29/2022,137.77,25.4,112.37
407,MARA,8779,429.88,124.28,2/20/2021,3/15/2021,-305.6,18.74,-324.34
408,PLAY,7898,436.03,366.1,9/20/2021,6/12/2020,-69.93,27.73,-97.66
409,YEXT,4049,222.46,798.27,8/10/2021,8/3/2020,575.81,52.66,523.15
410,XLNX,3559,289.05,651.71,11/30/2022,11/2/2021,362.66,99.01,263.65
411,SIVBO,4637,366.66,79.0,1/12/2021,4/30/2020,-287.66,87.58,-375.24
412,WHLRP,7329,791.39,934.35,4/10/2021,11/18/2020,142.96,81.13,61.83
413,UBIO,9855,359.84,688.34,9/14/2021,2/28/2022,328.5,99.02,229.48
414,LMFAW,9211,657.11,811.29,10/31/2022,11/26/2021,154.18,85.2,68.98
415,YECO,3832,950.62,0.33,7/23/2020,12/29/2022,-950.29,54.63,-1004.92
416,MYCC,9020,580.77,591.99,3/1/2022,7/8/2020,11.22,17.01,-5.79
417,CFNB,6213,387.11,384.39,12/25/2020,10/10/2022,-2.72,85.41,-88.13
418,HOFT,965,895.09,979.59,10/20/2021,10/8/2022,84.5,74.2,10.3
419,ZEUS,3660,221.44,755.63,11/17/2020,11/7/2022,534.19,34.65,499.54
420,LIVN,9498,411.09,215.36,12/21/2020,11/10/2020,-195.73,40.8,-236.53
421,LBRDK,7485,843.02,722.83,2/6/2020,6/7/2021,-120.19,37.62,-157.81
422,CAI,9323,65.69,955.43,10/16/2021,11/6/2020,889.74,50.85,838.89
423,RGR,5753,145.19,67.07,12/24/2022,1/11/2022,-78.12,5.23,-83.35
424,XGTIW,5255,933.46,632.44,11/8/2021,9/3/2020,-301.02,53.57,-354.59
425,RFEU,6028,782.83,990.99,3/31/2022,11/13/2022,208.16,33.59,174.57
426,BGCA,2912,766.98,516.12,9/12/2020,9/3/2022,-250.86,0.12,-250.98
427,CLDT,4696,205.95,850.97,4/6/2021,7/20/2021,645.02,34.58,610.44
428,MRTX,1254,827.63,825.8,4/14/2020,11/9/2022,-1.83,15.61,-17.44
429,WBMD,2972,17.03,579.64,10/12/2021,8/30/2020,562.61,17.49,545.12
430,PMT^A,7500,617.4,799.67,8/4/2022,3/29/2021,182.27,78.36,103.91
431,CCK,927,586.85,258.29,11/11/2021,8/26/2022,-328.56,83.44,-412.0
432,SPNE,1540,44.62,528.88,10/13/2022,4/12/2022,484.26,87.59,396.67
433,BEP,4311,704.04,362.65,4/6/2020,6/24/2022,-341.39,55.5,-396.89
434,ASND,1039,528.38,531.63,9/22/2020,8/15/2021,3.25,25.83,-22.58
435,NOA,5622,158.14,656.26,12/18/2020,3/21/2022,498.12,13.43,484.69
436,SPAR,6916,7.73,651.81,8/26/2021,11/20/2020,644.08,93.92,550.16
437,FOANC,5845,238.82,377.17,11/17/2020,1/18/2021,138.35,70.71,67.64
438,INWK,6433,438.53,539.52,3/5/2020,4/30/2020,100.99,3.49,97.5
439,IBM,8268,323.14,759.3,9/29/2021,1/4/2020,436.16,33.88,402.28
440,AIV,7129,987.38,118.73,1/25/2021,3/3/2021,-868.65,26.37,-895.02
441,FWONA,796,302.98,921.44,8/18/2020,11/15/2020,618.46,45.33,573.13
442,KMX,7091,783.55,198.62,1/3/2020,9/26/2021,-584.93,99.07,-684.0
443,AXE,3670,969.47,478.0,2/19/2020,1/28/2020,-491.47,25.89,-517.36
444,XRF,3170,967.6,514.65,9/6/2022,5/13/2021,-452.95,1.1,-454.05
445,TSRI,5245,457.13,449.13,10/17/2022,8/29/2022,-8.0,81.92,-89.92
446,COLB,6657,190.64,593.4,4/30/2020,5/2/2022,402.76,28.43,374.33
447,OVLY,4454,382.08,773.37,10/10/2020,2/1/2020,391.29,37.54,353.75
448,FYC,8529,133.81,258.97,6/4/2022,4/13/2021,125.16,65.05,60.11
449,DRH,2951,175.92,289.11,1/18/2021,12/31/2020,113.19,13.64,99.55
450,AIN,8335,934.59,404.44,5/27/2021,9/13/2020,-530.15,96.59,-626.74
451,CTAS,4319,63.95,284.97,10/23/2022,3/20/2020,221.02,57.93,163.09
452,CPAA,620,294.07,750.74,12/7/2020,8/6/2022,456.67,39.02,417.65
453,RPAI^A,9403,661.58,995.74,2/12/2021,7/29/2020,334.16,80.26,253.9
454,POWI,4675,77.09,691.56,5/2/2020,6/11/2020,614.47,15.65,598.82
455,MOH,3540,825.08,182.61,12/24/2020,11/24/2022,-642.47,83.81,-726.28
456,MTRN,8181,246.36,251.54,12/2/2022,12/6/2022,5.18,3.83,1.35
457,GPT^A,1936,2.81,51.45,4/8/2022,4/3/2020,48.64,48.71,-0.07
458,CCU,2294,904.7,525.15,4/1/2021,12/1/2022,-379.55,48.56,-428.11
459,EYES,7855,442.07,839.79,10/2/2021,5/27/2021,397.72,15.75,381.97
460,SYRS,9883,579.93,274.58,3/12/2020,5/11/2021,-305.35,14.62,-319.97
461,LPTX,4555,291.95,153.54,3/4/2020,10/6/2021,-138.41,65.74,-204.15
462,AIG,8057,59.51,144.92,5/25/2021,2/23/2020,85.41,66.56,18.85
463,ETJ,7143,341.62,338.19,3/14/2022,8/6/2021,-3.43,27.71,-31.14
464,AFGE,7752,896.29,426.4,11/30/2020,10/24/2022,-469.89,89.62,-559.51
465,RIC,804,389.97,357.97,3/28/2022,11/23/2020,-32.0,19.55,-51.55
466,ETSY,8110,16.91,225.51,6/29/2021,8/17/2021,208.6,56.16,152.44
467,ROKA,6533,103.44,493.67,11/16/2021,12/17/2021,390.23,73.38,316.85
468,WGL,8091,475.9,252.52,11/5/2021,4/5/2022,-223.38,90.43,-313.81
469,HTLD,6317,197.38,880.26,10/20/2022,9/11/2022,682.88,90.91,591.97
470,AEHR,3720,870.37,457.52,10/6/2021,2/19/2022,-412.85,33.16,-446.01
471,ROK,3237,158.05,327.7,9/14/2022,5/26/2020,169.65,27.4,142.25
472,DXYN,3839,538.81,834.88,9/26/2022,8/5/2022,296.07,65.19,230.88
473,BAC^E,8249,121.63,836.11,4/23/2021,12/24/2020,714.48,6.63,707.85
474,IVAC,6458,975.04,981.85,5/29/2022,6/22/2020,6.81,21.77,-14.96
475,EVBS,2603,564.66,236.17,3/8/2022,4/2/2022,-328.49,99.05,-427.54
476,RELL,9714,147.95,264.96,11/27/2020,12/6/2021,117.01,24.69,92.32
477,SRUNU,6503,845.26,800.95,5/19/2021,7/19/2022,-44.31,54.31,-98.62
478,LAKE,6894,995.89,746.56,2/22/2022,1/14/2022,-249.33,26.59,-275.92
479,MCI,6555,279.53,695.67,1/7/2022,9/26/2022,416.14,44.17,371.97
480,KBWD,471,695.29,426.51,8/4/2022,5/3/2022,-268.78,22.63,-291.41
481,XENT,3147,394.9,667.77,1/17/2020,6/11/2020,272.87,55.18,217.69
482,VLP,8235,275.73,66.89,10/21/2020,1/6/2021,-208.84,3.2,-212.04
483,DTUS,3753,475.42,864.95,12/13/2022,6/16/2021,389.53,2.55,386.98
484,FCCO,8799,672.98,991.91,4/14/2021,8/31/2022,318.93,46.02,272.91
485,SOHO,3001,182.42,666.13,4/9/2021,11/17/2022,483.71,76.57,407.14
486,KELYA,7583,213.16,560.86,7/2/2020,8/13/2020,347.7,3.88,343.82
487,JMF,9698,567.39,143.89,7/9/2020,6/5/2022,-423.5,11.32,-434.82
488,BETR,7362,204.38,296.62,2/22/2022,10/9/2022,92.24,8.22,84.02
489,WEBK,5658,54.98,450.03,7/26/2021,12/2/2021,395.05,3.12,391.93
490,WNC,6949,342.39,876.85,4/26/2022,12/20/2020,534.46,41.32,493.14
491,PAGP,404,184.54,97.08,8/25/2020,3/3/2022,-87.46,44.27,-131.73
492,HMLP,4924,56.68,125.31,8/17/2022,6/28/2020,68.63,48.42,20.21
493,DB,8633,607.75,848.01,5/26/2020,7/27/2020,240.26,32.7,207.56
494,KF,1048,101.97,964.79,3/1/2020,5/13/2020,862.82,6.95,855.87
495,DVA,7606,427.72,794.79,5/14/2021,12/31/2020,367.07,69.0,298.07
496,SANM,1650,802.15,377.2,3/18/2021,10/22/2022,-424.95,59.57,-484.52
497,ATRS,7556,948.05,857.1,1/14/2022,6/28/2021,-90.95,50.79,-141.74
498,NC,5,308.0,990.94,5/9/2021,8/17/2022,682.94,75.42,607.52
499,OI,257,328.89,1.34,10/27/2021,2/4/2020,-327.55,74.24,-401.79
500,PSA^D,6525,709.57,153.43,6/22/2022,4/7/2021,-556.14,74.04,-630.18
501,OIIM,3342,847.62,367.15,8/22/2021,12/24/2022,-480.47,28.34,-508.81
502,ECCA,1806,745.78,855.93,3/5/2022,7/9/2022,110.15,92.93,17.22
503,INBKL,3663,67.67,688.92,11/1/2021,1/17/2022,621.25,39.47,581.78
504,WRB,6735,915.82,310.06,6/7/2021,9/23/2020,-605.76,96.68,-702.44
505,AMH^E,1579,240.59,762.54,8/29/2020,3/3/2022,521.95,30.93,491.02
506,AMDA,321,690.2,193.07,2/25/2021,7/15/2020,-497.13,40.83,-537.96
507,CDTI,6820,558.16,198.11,8/14/2020,10/4/2020,-360.05,57.02,-417.07
508,TREE,2903,548.84,327.21,9/30/2021,9/24/2021,-221.63,7.74,-229.37
509,UZC,2818,972.87,791.43,2/12/2021,4/2/2021,-181.44,18.66,-200.1
510,DNBF,6288,844.22,732.78,3/1/2022,5/29/2021,-111.44,58.65,-170.09
511,UHT,1920,303.95,25.6,7/30/2022,7/20/2022,-278.35,81.72,-360.07
512,AUO,4776,812.38,571.79,7/30/2021,9/4/2020,-240.59,20.4,-260.99
513,FICO,9674,350.35,649.63,6/1/2020,4/14/2020,299.28,81.57,217.71
514,KBH,8901,680.42,423.03,2/12/2020,11/16/2022,-257.39,72.82,-330.21
515,APF,5149,74.04,216.58,2/13/2021,5/4/2021,142.54,26.57,115.97
516,NVUS,1489,589.68,335.86,9/14/2021,6/10/2021,-253.82,17.4,-271.22
517,PVG,7906,480.92,805.22,12/27/2021,9/2/2022,324.3,17.81,306.49
518,PAC,5367,746.26,967.16,6/22/2022,12/26/2021,220.9,21.1,199.8
519,EDI,8539,245.81,943.13,7/9/2022,4/15/2020,697.32,9.69,687.63
520,SJT,7200,846.08,341.62,3/20/2021,5/30/2022,-504.46,2.02,-506.48
521,MSI,3931,130.29,538.41,1/16/2021,4/20/2020,408.12,5.14,402.98
522,MPACW,9728,75.31,645.52,7/15/2020,5/24/2020,570.21,31.93,538.28
523,CBI,3119,528.46,36.36,10/4/2020,5/17/2020,-492.1,75.84,-567.94
524,CTL,5130,11.9,310.59,5/1/2020,4/22/2022,298.69,44.66,254.03
525,GJR,862,858.85,500.86,9/22/2022,4/23/2022,-357.99,79.79,-437.78
526,STML,7255,783.75,657.12,11/25/2022,2/29/2020,-126.63,57.42,-184.05
527,CRAY,5968,922.49,667.56,1/7/2020,11/18/2021,-254.93,18.94,-273.87
528,VVV,2651,153.99,150.94,8/16/2020,9/25/2020,-3.05,80.48,-83.53
529,CCCL,8850,420.05,912.52,5/5/2021,2/10/2021,492.47,58.14,434.33
530,CTG,9118,714.4,682.55,6/13/2020,2/18/2022,-31.85,57.46,-89.31
531,PPSI,6786,661.45,283.71,7/8/2021,6/13/2020,-377.74,35.3,-413.04
532,BLMN,9012,541.24,236.04,12/13/2021,12/28/2022,-305.2,4.78,-309.98
533,CERS,118,756.25,132.55,4/22/2022,7/4/2021,-623.7,69.95,-693.65
534,PNC^Q,4720,429.82,508.57,2/14/2020,11/25/2021,78.75,72.53,6.22
535,TGTX,5754,648.65,115.2,4/2/2022,2/9/2021,-533.45,57.45,-590.9
536,NEWR,9495,544.2,266.05,6/15/2020,11/14/2022,-278.15,96.2,-374.35
537,BKH,5053,981.7,666.37,1/7/2020,7/27/2020,-315.33,75.73,-391.06
538,MVO,7012,677.46,420.08,11/7/2021,5/21/2020,-257.38,68.53,-325.91
539,IKNX,5289,665.31,897.58,10/26/2021,11/23/2021,232.27,31.13,201.14
540,EQFN,1412,113.79,413.32,7/6/2021,4/10/2022,299.53,70.28,229.25
541,DCUC,5193,613.15,512.73,12/3/2022,7/7/2020,-100.42,45.99,-146.41
542,CLCT,7313,895.21,62.37,6/20/2021,7/29/2022,-832.84,27.65,-860.49
543,SKT,2120,415.68,877.07,3/25/2022,10/6/2020,461.39,17.12,444.27
544,CCNE,9496,450.89,466.27,12/11/2022,2/8/2021,15.38,41.18,-25.8
545,ARTX,9886,760.14,136.52,9/16/2020,2/15/2020,-623.62,40.07,-663.69
546,SMCI,7099,697.13,811.85,5/16/2020,7/22/2022,114.72,87.82,26.9
547,TRIB,7267,852.1,18.62,11/17/2021,4/15/2022,-833.48,47.92,-881.4
548,TRIB,6606,979.54,727.51,8/27/2022,5/22/2021,-252.03,9.85,-261.88
549,DPG,8898,344.79,883.03,7/14/2022,10/30/2021,538.24,48.39,489.85
550,HYT,1042,482.13,397.63,3/12/2022,7/30/2022,-84.5,96.48,-180.98
551,GOVNI,4565,23.55,143.73,7/17/2022,1/22/2021,120.18,8.88,111.3
552,EYES,2074,789.8,557.81,3/3/2022,11/11/2022,-231.99,93.74,-325.73
553,AUDC,4712,73.71,627.52,2/16/2022,11/26/2020,553.81,32.82,520.99
554,DWAC,4897,322.8,995.46,8/16/2020,1/21/2021,672.66,24.27,648.39
555,CNXC,2650,317.34,384.52,2/16/2021,4/17/2021,67.18,35.56,31.62
556,PDLI,931,562.21,495.02,9/26/2021,6/14/2022,-67.19,73.68,-140.87
557,OXLCO,5890,301.71,466.43,4/30/2020,10/12/2020,164.72,9.41,155.31
558,SOFO,8891,995.93,599.53,11/28/2022,3/6/2020,-396.4,74.73,-471.13
559,YTRA,7862,131.01,284.72,12/6/2020,2/24/2022,153.71,80.96,72.75
560,TCRD,9547,280.77,117.71,2/2/2021,12/8/2021,-163.06,94.86,-257.92
561,RSYS,5209,181.51,266.24,9/1/2022,12/6/2021,84.73,45.64,39.09
562,IPCC,9743,423.5,632.05,1/26/2022,11/25/2022,208.55,59.33,149.22
563,EMCB,2546,796.09,776.33,6/30/2021,1/26/2020,-19.76,18.45,-38.21
564,BKS,8993,396.99,912.72,2/11/2021,8/15/2020,515.73,41.72,474.01
565,BOSC,4006,600.24,892.57,8/8/2022,7/1/2022,292.33,60.43,231.9
566,CIE,7640,829.01,828.54,12/28/2022,10/13/2021,-0.47,61.01,-61.48
567,ENLK,27,73.41,642.02,6/2/2021,1/16/2020,568.61,7.98,560.63
568,WFC,6633,279.15,257.45,2/1/2021,2/2/2020,-21.7,6.13,-27.83
569,TUES,5683,994.46,786.71,8/26/2021,9/10/2020,-207.75,52.81,-260.56
570,BHACU,5706,161.87,157.14,8/8/2020,1/15/2020,-4.73,22.13,-26.86
571,NGHCN,1905,814.35,847.57,3/2/2020,12/7/2020,33.22,21.08,12.14
572,UONE,7185,571.06,976.26,3/6/2022,8/6/2020,405.2,14.03,391.17
573,EVEP,1169,124.53,819.56,11/6/2020,8/11/2021,695.03,46.37,648.66
574,UBSH,5580,638.2,189.32,9/14/2020,3/19/2021,-448.88,73.99,-522.87
575,FFC,3323,951.64,427.75,12/1/2020,3/20/2022,-523.89,70.92,-594.81
576,TWMC,3448,867.02,702.35,4/25/2021,5/9/2022,-164.67,83.19,-247.86
577,RY,9120,311.22,172.38,2/2/2021,8/26/2020,-138.84,35.94,-174.78
578,FRC^F,2876,849.5,939.77,3/9/2021,4/6/2022,90.27,37.69,52.58
579,MTT,8498,568.07,924.66,8/22/2020,1/25/2022,356.59,34.92,321.67
580,INWK,9337,552.8,283.71,5/26/2020,12/13/2022,-269.09,2.66,-271.75
581,NHTC,7916,403.86,438.95,4/6/2020,9/8/2021,35.09,65.06,-29.97
582,LAWS,6260,991.85,370.07,10/23/2022,2/26/2022,-621.78,80.15,-701.93
583,DAX,1844,287.93,151.25,12/12/2020,8/8/2020,-136.68,70.09,-206.77
584,SBNA,1086,761.32,469.72,10/6/2020,8/14/2020,-291.6,89.31,-380.91
585,CPS,3949,205.67,532.54,11/6/2022,12/6/2021,326.87,7.15,319.72
586,INGN,8176,967.2,999.56,9/30/2020,4/10/2021,32.36,58.47,-26.11
587,RICK,2306,360.5,306.32,4/24/2020,6/6/2022,-54.18,95.15,-149.33
588,FLDM,5027,68.24,757.49,1/30/2022,1/29/2021,689.25,83.76,605.49
589,AEB,8792,213.03,69.23,1/1/2022,12/16/2021,-143.8,67.19,-210.99
590,AMTD,6017,702.09,814.08,6/30/2021,9/23/2020,111.99,98.4,13.59
591,KIN,134,875.2,330.31,12/18/2020,6/8/2022,-544.89,38.8,-583.69
592,HR,2798,793.35,612.72,12/4/2021,5/9/2022,-180.63,35.1,-215.73
593,Z,3549,253.19,320.19,2/2/2022,9/20/2021,67.0,70.64,-3.64
594,JHI,9103,525.72,907.55,3/27/2022,6/13/2020,381.83,22.01,359.82
595,SHLM,5114,897.33,960.47,4/18/2020,12/23/2021,63.14,65.86,-2.72
596,TDE,7127,377.34,472.36,7/9/2020,1/14/2020,95.02,30.56,64.46
597,SILC,5874,702.71,848.93,10/21/2021,8/31/2022,146.22,98.26,47.96
598,RBS,9230,599.7,307.28,5/23/2021,4/15/2020,-292.42,76.91,-369.33
599,KEY^I,4115,226.06,275.87,3/18/2021,7/5/2021,49.81,4.52,45.29
600,NOA,9558,467.79,964.92,11/22/2020,4/21/2022,497.13,9.06,488.07
601,CRAY,4231,646.62,393.76,4/18/2021,11/22/2020,-252.86,22.89,-275.75
602,TCBIL,1034,28.51,1.14,11/2/2020,9/24/2021,-27.37,3.36,-30.73
603,VPV,7988,37.79,732.24,1/4/2021,4/24/2021,694.45,46.72,647.73
604,CNXC,6075,413.79,587.89,7/6/2020,5/8/2021,174.1,22.32,151.78
605,LMOS,6350,903.35,362.77,8/7/2022,9/25/2021,-540.58,99.33,-639.91
606,FIXD,1750,236.64,464.72,11/25/2021,9/6/2022,228.08,31.85,196.23
607,FITBI,2838,526.19,916.46,8/11/2020,4/9/2021,390.27,91.78,298.49
608,FDP,6538,19.05,350.01,7/27/2021,3/21/2022,330.96,59.53,271.43
609,ESGE,5799,90.47,111.72,5/6/2021,9/3/2022,21.25,65.62,-44.37
610,REG^G,4585,949.13,397.37,7/4/2022,9/6/2022,-551.76,59.63,-611.39
611,ORA,2047,580.4,691.51,2/18/2021,12/27/2020,111.11,20.04,91.07
612,WRB^D,6335,908.05,793.22,3/15/2021,10/28/2021,-114.83,22.66,-137.49
613,CHK,2554,139.66,110.79,6/15/2020,8/25/2021,-28.87,74.04,-102.91
614,SKIS,2922,610.54,393.34,3/11/2020,9/5/2021,-217.2,25.7,-242.9
615,CLGX,187,617.95,659.54,5/23/2020,4/17/2020,41.59,76.31,-34.72
616,ADRU,468,779.23,905.75,9/1/2022,5/14/2021,126.52,9.66,116.86
617,ARCW,2663,734.27,274.54,5/23/2020,1/10/2021,-459.73,89.02,-548.75
618,AF^C,2792,42.92,661.52,3/24/2021,8/31/2022,618.6,22.75,595.85
619,HSKA,8418,507.55,748.01,10/8/2022,5/21/2020,240.46,0.25,240.21
620,SRTS,4374,21.39,847.55,3/7/2020,1/18/2020,826.16,57.73,768.43
621,NOV,875,787.05,209.02,2/11/2022,6/25/2020,-578.03,17.7,-595.73
622,GNTX,3501,615.03,193.19,5/12/2021,5/28/2021,-421.84,39.33,-461.17
623,APTI,5528,572.81,476.09,6/28/2020,8/29/2021,-96.72,10.55,-107.27
624,LKFN,4091,238.69,196.21,3/5/2021,3/24/2021,-42.48,93.06,-135.54
625,FCX,3529,230.79,989.1,2/14/2021,3/20/2020,758.31,8.94,749.37
626,RSO,8236,148.73,157.93,6/27/2021,7/8/2020,9.2,4.14,5.06
627,BGT,3238,483.93,721.29,4/19/2022,8/8/2021,237.36,61.72,175.64
628,PEGA,5963,685.82,521.81,8/26/2021,6/13/2021,-164.01,38.76,-202.77
629,CCCL,6290,565.16,664.69,12/7/2022,12/2/2022,99.53,33.36,66.17
630,PYN,4254,193.54,856.19,9/1/2022,10/17/2021,662.65,69.94,592.71
631,ALBO,9910,104.08,200.18,7/23/2020,8/28/2021,96.1,15.35,80.75
632,WHLM,2819,88.46,513.69,2/16/2020,8/25/2022,425.23,45.85,379.38
633,BELFA,2672,382.52,612.62,12/16/2020,10/21/2021,230.1,0.66,229.44
634,SHLDW,6965,716.74,529.46,4/7/2021,8/12/2021,-187.28,88.82,-276.1
635,TRU,3377,80.48,533.62,4/9/2020,4/2/2022,453.14,80.57,372.57
636,SYPR,3295,718.67,464.8,9/20/2022,7/10/2021,-253.87,7.75,-261.62
637,CRY,472,17.04,105.25,4/14/2021,7/4/2022,88.21,19.05,69.16
638,QTNT,7724,55.56,711.1,12/27/2022,1/24/2021,655.54,26.54,629.0
639,MOG.A,1094,865.98,630.02,1/31/2022,2/16/2021,-235.96,46.58,-282.54
640,CUBI^D,1247,554.13,105.42,9/30/2020,5/26/2020,-448.71,42.34,-491.05
641,MYOV,3552,521.95,875.15,2/1/2020,7/2/2022,353.2,51.92,301.28
642,AMAG,9672,224.92,967.97,11/6/2021,12/2/2022,743.05,60.02,683.03
643,MOSY,3653,183.94,155.26,7/21/2021,11/10/2020,-28.68,78.88,-107.56
644,RMTI,8302,99.42,561.89,9/28/2021,6/25/2020,462.47,73.18,389.29
645,PVTBP,2740,275.53,707.89,8/19/2020,3/25/2020,432.36,34.31,398.05
646,RNVAZ,5514,474.08,47.67,4/28/2020,8/24/2022,-426.41,71.87,-498.28
647,CNTY,3460,691.3,919.57,3/6/2020,7/22/2021,228.27,48.4,179.87
648,MEIP,4829,525.02,70.84,4/5/2022,11/2/2020,-454.18,51.83,-506.01
649,DUK,839,77.32,373.26,7/16/2021,12/7/2022,295.94,33.3,262.64
650,TGEN,1807,517.83,130.33,5/17/2021,12/25/2021,-387.5,57.27,-444.77
651,SCWX,2063,908.27,115.66,6/26/2022,4/4/2022,-792.61,79.1,-871.71
652,CORR^A,4228,264.25,707.84,1/9/2020,1/24/2020,443.59,85.3,358.29
653,AOBC,8247,554.14,161.72,1/15/2021,11/29/2022,-392.42,21.75,-414.17
654,ULTA,2413,606.06,669.66,10/8/2021,9/3/2020,63.6,46.25,17.35
655,BLKB,8124,948.04,551.57,8/8/2020,2/15/2021,-396.47,78.14,-474.61
656,S,5470,443.45,753.25,5/9/2022,4/9/2020,309.8,82.39,227.41
657,GJO,5251,824.27,165.95,4/5/2020,3/20/2020,-658.32,60.86,-719.18
658,FCT,4146,821.64,668.28,3/24/2022,10/16/2021,-153.36,80.32,-233.68
659,ETV,5717,449.66,770.26,12/4/2022,7/14/2021,320.6,38.32,282.28
660,IFV,1321,324.75,153.66,4/12/2022,12/29/2020,-171.09,27.56,-198.65
661,ABCD,8132,791.82,431.06,1/29/2022,8/13/2021,-360.76,94.75,-455.51
662,AIT,3117,641.31,87.58,11/25/2022,2/18/2022,-553.73,3.14,-556.87
663,HSGX,665,735.81,330.03,10/18/2020,1/27/2021,-405.78,41.31,-447.09
664,BSTC,8678,273.14,608.75,4/22/2021,2/3/2022,335.61,88.31,247.3
665,PTSI,5159,883.84,556.42,8/4/2022,11/19/2021,-327.42,51.2,-378.62
666,IGOV,1946,558.68,686.06,11/3/2020,8/14/2022,127.38,43.17,84.21
667,CVGI,8214,825.23,937.29,4/7/2022,11/22/2022,112.06,41.26,70.8
668,CAMP,4383,302.86,999.11,3/26/2021,7/18/2020,696.25,91.45,604.8
669,NEWM,9949,77.56,10.14,1/15/2021,11/28/2021,-67.42,20.33,-87.75
670,LUK,4810,559.04,557.86,2/4/2020,5/25/2021,-1.18,63.21,-64.39
671,DTEA,1650,282.7,378.06,10/21/2022,11/15/2020,95.36,82.47,12.89
672,ING,3499,251.88,411.75,9/28/2022,9/7/2020,159.87,85.04,74.83
673,AMT,1524,635.98,482.15,8/18/2021,3/3/2021,-153.83,16.14,-169.97
674,FOR,1945,176.87,617.39,9/20/2022,3/26/2022,440.52,43.49,397.03
675,HWBK,3094,318.97,607.91,11/5/2022,3/7/2021,288.94,87.38,201.56
676,ELC,2211,198.83,215.71,6/27/2020,4/10/2022,16.88,7.52,9.36
677,GYRO,4837,881.41,18.2,10/12/2022,3/6/2022,-863.21,52.38,-915.59
678,AFSI,2534,296.46,965.03,7/16/2021,4/24/2021,668.57,92.64,575.93
679,EXK,9348,944.65,215.15,5/7/2020,9/20/2020,-729.5,39.36,-768.86
680,WTFC,2695,503.17,743.88,5/15/2020,3/23/2022,240.71,84.27,156.44
681,SUM,5275,445.84,871.43,6/4/2022,9/29/2020,425.59,40.94,384.65
682,DISH,1009,730.11,594.4,9/13/2022,3/14/2020,-135.71,77.76,-213.47
683,ESGG,8585,161.91,832.79,11/4/2022,7/22/2022,670.88,65.16,605.72
684,MAN,5398,940.37,873.36,8/2/2020,11/18/2022,-67.01,84.11,-151.12
685,IPHS,1481,40.45,283.48,10/9/2021,4/2/2022,243.03,95.13,147.9
686,HUBS,6186,752.57,721.93,3/29/2021,8/8/2021,-30.64,23.5,-54.14
687,DCUD,9443,583.54,902.11,6/19/2020,6/9/2021,318.57,26.46,292.11
688,KAACW,6339,557.82,556.62,11/15/2020,1/22/2022,-1.2,70.01,-71.21
689,PHI,2780,323.81,947.99,3/16/2021,1/9/2021,624.18,90.39,533.79
690,OLBK,9533,103.25,103.68,4/29/2022,4/25/2020,0.43,96.01,-95.58
691,SIRI,6669,597.14,649.42,1/23/2020,4/22/2020,52.28,9.95,42.33
692,ETB,9229,146.21,593.63,9/24/2021,5/13/2021,447.42,8.49,438.93
693,SBNB,6057,394.35,589.73,5/5/2022,7/15/2020,195.38,86.7,108.68
694,FLDM,96,757.83,5.61,7/3/2022,6/11/2021,-752.22,56.92,-809.14
695,TVIX,5420,826.08,307.88,1/2/2021,10/16/2022,-518.2,11.72,-529.92
696,COWNL,306,274.35,976.26,2/5/2021,3/3/2022,701.91,70.5,631.41
697,ENB,8816,461.21,268.83,10/15/2022,11/20/2022,-192.38,14.98,-207.36
698,JVA,4105,512.34,519.51,12/4/2020,7/9/2020,7.17,38.84,-31.67
699,KIO,9113,242.48,845.16,11/8/2022,4/17/2022,602.68,69.69,532.99
700,IHIT,8455,788.09,393.39,11/23/2021,4/25/2022,-394.7,33.46,-428.16
701,LINU,3161,418.61,644.6,11/5/2021,5/6/2022,225.99,77.5,148.49
702,NBHC,6077,807.02,856.04,3/3/2020,12/25/2020,49.02,83.38,-34.36
703,BAC^W,5731,726.79,941.25,5/8/2021,3/29/2021,214.46,3.42,211.04
704,CNCR,8613,917.79,876.22,11/16/2020,9/12/2022,-41.57,33.62,-75.19
705,MASI,3839,883.86,297.36,6/10/2020,4/14/2022,-586.5,6.95,-593.45
706,RMBS,8348,793.2,609.89,11/14/2020,10/22/2020,-183.31,42.63,-225.94
707,BPOPN,1976,22.73,777.85,3/7/2020,6/24/2022,755.12,25.22,729.9
708,NRCIB,5552,695.03,374.62,7/19/2020,8/26/2020,-320.41,13.15,-333.56
709,PUI,9277,704.58,284.75,4/24/2022,11/1/2022,-419.83,19.45,-439.28
710,SGY,5649,904.46,167.46,10/21/2021,12/12/2021,-737.0,20.11,-757.11
711,CPG,2753,93.79,656.85,12/16/2021,7/1/2021,563.06,43.66,519.4
712,ASB^D,1608,762.87,274.48,7/20/2022,12/15/2020,-488.39,6.72,-495.11
713,AGM.A,2155,134.78,337.45,6/26/2022,3/15/2020,202.67,29.9,172.77
714,EPAM,9984,731.75,585.59,3/7/2022,5/23/2021,-146.16,58.91,-205.07
715,GBT,625,418.63,281.01,9/23/2020,11/13/2021,-137.62,70.29,-207.91
716,ABCB,4334,738.13,222.53,1/3/2021,1/25/2021,-515.6,50.71,-566.31
717,SBAC,2374,498.65,487.02,12/13/2021,2/19/2021,-11.63,40.1,-51.73
718,ESGG,709,379.11,259.33,12/24/2020,5/31/2021,-119.78,20.79,-140.57
719,CIB,885,941.21,183.32,10/6/2020,1/11/2020,-757.89,77.84,-835.73
720,EFC,5222,904.68,755.3,6/17/2022,7/12/2020,-149.38,23.59,-172.97
721,TX,5200,736.51,457.75,10/12/2021,8/5/2022,-278.76,44.37,-323.13
722,VIVO,3849,357.87,765.47,6/12/2021,3/28/2021,407.6,13.83,393.77
723,TIL,3040,199.12,402.88,8/11/2022,3/15/2022,203.76,98.31,105.45
724,AMH^A,9247,49.51,205.32,12/18/2021,11/29/2020,155.81,22.47,133.34
725,LII,7618,193.56,85.62,10/13/2021,6/30/2020,-107.94,0.91,-108.85
726,LULU,6985,249.65,346.82,6/14/2020,4/28/2020,97.17,40.36,56.81
727,MANU,4593,249.76,623.01,6/2/2020,10/30/2022,373.25,85.47,287.78
728,SBOW,2457,716.25,442.49,12/7/2022,4/6/2021,-273.76,8.71,-282.47
729,EACQW,8880,527.73,966.05,10/27/2020,11/17/2020,438.32,9.72,428.6
730,CDL,4327,219.96,779.6,6/27/2021,12/6/2020,559.64,43.97,515.67
731,EPC,5224,362.28,646.26,2/10/2020,6/7/2020,283.98,50.44,233.54
732,VBND,7290,76.11,497.41,6/13/2020,8/11/2022,421.3,49.46,371.84
733,OMAB,3650,172.76,802.74,1/16/2022,10/20/2021,629.98,49.94,580.04
734,HAIN,2350,367.18,425.29,7/13/2020,12/10/2022,58.11,72.56,-14.45
735,DVAX,9145,21.33,510.37,2/16/2020,5/25/2022,489.04,20.58,468.46
736,GPRE,7061,450.25,232.17,2/28/2020,9/29/2022,-218.08,35.48,-253.56
737,RNG,415,126.51,284.4,12/24/2021,11/20/2020,157.89,91.53,66.36
738,CMS,7294,886.71,195.97,4/5/2021,1/29/2020,-690.74,47.73,-738.47
739,CBB,2886,738.8,824.57,8/19/2022,8/28/2020,85.77,67.16,18.61
740,NXP,1643,718.65,36.64,12/10/2022,12/3/2022,-682.01,20.69,-702.7
741,DFT^C,1382,524.67,937.01,8/24/2020,9/28/2021,412.34,13.69,398.65
742,BP,7483,323.21,799.05,2/3/2021,5/13/2022,475.84,82.72,393.12
743,MTB^,8816,894.2,522.12,5/27/2021,3/9/2022,-372.08,61.84,-433.92
744,PKG,1773,717.25,70.59,7/17/2022,9/28/2022,-646.66,76.3,-722.96
745,IFF,7030,740.56,535.05,10/6/2022,1/6/2022,-205.51,17.55,-223.06
746,AWH,8703,928.88,763.91,4/3/2020,6/24/2022,-164.97,99.5,-264.47
747,MEI,4669,303.93,848.78,9/18/2020,10/7/2021,544.85,83.0,461.85
748,MTH,5324,565.8,660.41,9/22/2020,8/30/2020,94.61,9.46,85.15
749,LAZ,5031,352.88,722.73,11/28/2022,4/1/2021,369.85,90.21,279.64
750,CHDN,1444,408.82,957.24,4/22/2020,9/2/2021,548.42,47.93,500.49
751,CCJ,7434,435.42,291.78,3/25/2020,2/15/2021,-143.64,88.82,-232.46
752,AMG,7871,742.34,167.4,9/13/2020,10/14/2022,-574.94,46.92,-621.86
753,FDC,3862,663.9,570.19,3/13/2021,5/18/2021,-93.71,51.36,-145.07
754,RRGB,732,275.85,369.17,11/20/2022,9/26/2021,93.32,7.05,86.27
755,CIB,2773,455.93,523.5,8/29/2021,1/15/2020,67.57,37.87,29.7
756,CTW,1808,882.06,439.99,9/17/2021,1/6/2020,-442.07,0.48,-442.55
757,MGF,4632,128.04,701.36,2/14/2022,9/16/2021,573.32,82.16,491.16
758,GOODP,4840,898.48,736.46,3/31/2020,5/7/2022,-162.02,60.36,-222.38
759,BCOM,7364,220.78,260.89,1/3/2022,5/10/2021,40.11,83.9,-43.79
760,BIOS,3517,447.19,832.58,6/22/2022,1/18/2020,385.39,49.63,335.76
761,BSX,9827,462.25,87.87,7/9/2022,8/28/2021,-374.38,59.5,-433.88
762,TSC,615,159.53,671.44,5/23/2021,6/17/2022,511.91,58.34,453.57
763,PJH,3857,379.08,940.91,10/15/2020,11/22/2022,561.83,35.3,526.53
764,I,5357,512.55,103.64,8/20/2020,12/8/2022,-408.91,61.97,-470.88
765,SWZ,3402,767.53,125.53,12/17/2020,12/19/2022,-642.0,91.09,-733.09
766,SFST,4968,251.06,442.7,2/13/2021,8/28/2021,191.64,29.84,161.8
767,RVLT,5657,556.1,439.2,9/8/2021,2/18/2022,-116.9,75.82,-192.72
768,GNRX,3637,119.27,907.79,6/26/2020,10/9/2021,788.52,90.56,697.96
769,BMTC,7723,216.92,838.07,10/8/2022,10/21/2020,621.15,12.4,608.75
770,PCO,9198,324.35,907.81,7/17/2022,7/26/2022,583.46,93.92,489.54
771,NYLD,4952,956.45,397.15,11/25/2021,10/31/2021,-559.3,74.7,-634.0
772,MMLP,6922,266.54,998.76,2/8/2022,12/27/2020,732.22,72.34,659.88
773,CAG,2592,133.61,630.52,10/23/2021,8/25/2022,496.91,41.19,455.72
774,SLIM,3397,634.28,241.81,10/21/2022,11/3/2021,-392.47,31.41,-423.88
775,CXP,9975,610.94,868.18,7/30/2020,11/6/2022,257.24,66.09,191.15
776,SWM,2802,76.25,625.92,6/24/2022,6/19/2021,549.67,7.16,542.51
777,AGFS,7914,265.01,353.18,1/16/2021,4/17/2022,88.17,35.47,52.7
778,VERI,3884,764.8,700.52,10/26/2022,11/30/2022,-64.28,80.29,-144.57
779,MTZ,8589,895.38,681.65,8/5/2022,5/22/2021,-213.73,6.25,-219.98
780,DDF,7156,454.07,758.53,1/16/2022,7/2/2022,304.46,78.68,225.78
781,GJV,6653,550.57,240.05,7/19/2022,8/14/2021,-310.52,57.73,-368.25
782,CCMP,6181,734.42,685.16,4/20/2021,1/1/2021,-49.26,66.11,-115.37
783,CLB,9213,521.09,389.36,10/12/2022,3/24/2021,-131.73,63.62,-195.35
784,ABG,5957,354.01,151.01,10/22/2020,8/14/2022,-203.0,38.31,-241.31
785,EAGL,234,374.01,862.83,3/4/2021,7/26/2022,488.82,92.59,396.23
786,JCOM,4421,379.24,243.94,1/24/2022,1/11/2021,-135.3,37.05,-172.35
787,AGM^C,9759,432.73,605.9,3/17/2021,10/29/2021,173.17,55.51,117.66
788,PEO,232,85.55,829.98,5/6/2022,9/18/2022,744.43,45.34,699.09
789,AROC,3981,863.0,968.6,3/14/2020,5/29/2021,105.6,18.85,86.75
790,FCVT,5364,750.55,884.42,7/16/2020,12/11/2021,133.87,18.12,115.75
791,AHL^C,9374,27.16,140.51,2/6/2021,7/27/2020,113.35,45.66,67.69
792,AER,7986,607.67,56.31,9/22/2022,4/23/2020,-551.36,37.77,-589.13
793,DOV,3531,562.15,626.47,4/29/2021,3/21/2020,64.32,32.34,31.98
794,BX,635,303.39,937.05,8/17/2020,1/18/2021,633.66,74.01,559.65
795,HIVE,6701,543.87,889.94,8/16/2020,7/27/2020,346.07,6.98,339.09
796,DATA,7260,628.27,204.1,12/3/2022,7/7/2020,-424.17,16.36,-440.53
797,TCO,2567,779.55,248.13,1/2/2020,9/20/2021,-531.42,45.41,-576.83
798,NHLDW,4119,997.38,840.18,1/29/2021,5/29/2021,-157.2,32.1,-189.3
799,FISV,2403,53.07,432.56,8/17/2020,5/14/2021,379.49,86.4,293.09
800,PSCH,8978,178.91,476.87,2/13/2020,4/28/2022,297.96,86.78,211.18
801,NTEC,6640,541.97,242.43,10/6/2022,5/1/2022,-299.54,25.32,-324.86
802,BNSO,4569,272.74,168.74,8/31/2020,3/25/2022,-104.0,64.11,-168.11
803,NZF,6488,279.81,620.91,1/5/2021,5/3/2021,341.1,34.06,307.04
804,ORN,2646,2.78,165.18,11/21/2021,10/8/2020,162.4,97.89,64.51
805,IBTX,7244,380.78,549.83,6/25/2021,6/15/2020,169.05,90.62,78.43
806,PEP,5120,613.35,2.06,12/25/2021,3/8/2022,-611.29,33.79,-645.08
807,VVUS,9547,948.42,408.13,6/28/2020,7/7/2021,-540.29,94.36,-634.65
808,GG,4144,553.05,66.82,12/21/2022,8/31/2020,-486.23,40.12,-526.35
809,BLX,1383,989.67,842.56,9/20/2021,6/23/2021,-147.11,62.61,-209.72
810,SNBC,8217,328.04,852.73,2/21/2022,12/24/2020,524.69,92.73,431.96
811,ONVI,4359,176.76,130.3,1/17/2020,9/28/2022,-46.46,23.72,-70.18
812,KNSL,183,111.17,498.81,5/17/2021,4/30/2022,387.64,2.18,385.46
813,PGJ,5882,994.9,592.55,4/7/2022,4/1/2022,-402.35,91.21,-493.56
814,HCKT,3843,294.57,564.99,12/23/2021,1/9/2020,270.42,73.43,196.99
815,CLNS^F.CL,2798,972.25,231.84,6/10/2020,7/6/2020,-740.41,78.63,-819.04
816,KYN,1410,989.28,107.74,3/31/2022,11/21/2021,-881.54,98.72,-980.26
817,BPY,9680,202.0,909.64,5/11/2022,10/19/2022,707.64,28.77,678.87
818,WFC^O,9261,503.98,190.57,2/11/2020,9/26/2021,-313.41,94.71,-408.12
819,FLC,1727,195.52,930.27,4/21/2022,2/18/2020,734.75,93.32,641.43
820,ENFC,9064,657.07,496.45,6/3/2022,6/25/2020,-160.62,37.87,-198.49
821,GPK,7427,541.82,409.69,5/19/2021,7/1/2020,-132.13,21.21,-153.34
822,AED,9773,382.7,305.0,9/27/2020,6/13/2022,-77.7,59.55,-137.25
823,GUT^A,1813,485.96,709.52,4/18/2020,5/8/2022,223.56,75.08,148.48
824,UAN,3835,237.11,445.47,10/18/2020,12/2/2022,208.36,50.58,157.78
825,CTXS,7923,40.91,931.17,11/20/2021,8/15/2022,890.26,39.61,850.65
826,CTY,2734,162.59,701.12,5/13/2020,9/12/2021,538.53,99.78,438.75
827,EGBN,595,84.75,873.55,11/8/2022,11/15/2022,788.8,14.73,774.07
828,ALX,7061,145.88,57.05,4/9/2020,2/10/2021,-88.83,7.05,-95.88
829,SNDE,1794,741.19,763.66,1/15/2022,7/6/2020,22.47,22.8,-0.33
830,SLB,2456,817.96,341.66,1/18/2022,2/15/2022,-476.3,47.21,-523.51
831,USLV,8468,694.63,565.94,5/18/2022,7/18/2020,-128.69,29.2,-157.89
832,KMI^A,5263,426.43,621.5,9/25/2021,3/18/2021,195.07,47.46,147.61
833,CFI,2065,905.84,744.91,10/1/2021,5/10/2022,-160.93,21.73,-182.66
834,UBSI,9021,509.62,999.38,3/23/2022,7/10/2021,489.76,20.04,469.72
835,TAHO,8154,734.19,276.57,9/6/2022,6/7/2021,-457.62,29.45,-487.07
836,BBDO,2357,150.48,80.41,5/4/2020,5/19/2020,-70.07,21.56,-91.63
837,SGY,2285,400.9,540.36,10/16/2022,5/7/2022,139.46,86.62,52.84
838,MIY,2881,676.69,598.89,6/23/2022,6/23/2020,-77.8,94.31,-172.11
839,CYS^B,815,54.91,513.72,12/9/2021,2/16/2021,458.81,75.93,382.88
840,DUKH,5384,819.14,401.69,3/11/2020,2/2/2021,-417.45,30.91,-448.36
841,CNXR,7527,603.88,603.35,11/10/2022,11/4/2020,-0.53,39.59,-40.12
842,ANTX,4123,447.96,264.55,3/4/2021,12/27/2021,-183.41,32.03,-215.44
843,PHI,2910,967.05,427.56,4/17/2021,10/16/2022,-539.49,22.23,-561.72
844,WASH,3051,715.89,119.05,12/13/2020,10/24/2021,-596.84,66.44,-663.28
845,PODD,3704,263.79,725.92,8/19/2022,12/1/2020,462.13,29.31,432.82
846,EGY,9696,429.96,586.08,12/4/2020,12/29/2021,156.12,36.34,119.78
847,GOOD,9655,768.95,163.79,6/25/2021,6/5/2021,-605.16,52.4,-657.56
848,IDCC,6354,729.63,484.28,2/5/2021,6/3/2020,-245.35,19.48,-264.83
849,BOCH,7236,243.37,71.35,9/1/2022,7/14/2022,-172.02,24.0,-196.02
850,GCVRZ,6191,109.58,367.85,12/7/2022,10/23/2022,258.27,59.0,199.27
851,VNTV,8590,814.28,79.4,6/22/2020,4/16/2021,-734.88,37.33,-772.21
852,GPK,5868,739.61,558.57,12/16/2022,1/26/2020,-181.04,84.46,-265.5
853,BANC^E,5689,74.27,792.91,2/6/2022,9/1/2021,718.64,94.83,623.81
854,AHT^D,2611,595.19,907.05,3/21/2020,8/28/2020,311.86,58.65,253.21
855,HRMNW,7929,650.65,25.93,1/17/2022,5/21/2021,-624.72,7.22,-631.94
856,WEN,9990,187.21,635.49,1/30/2021,4/30/2021,448.28,89.24,359.04
857,MSCI,4622,357.18,118.0,1/15/2021,8/30/2022,-239.18,0.34,-239.52
858,LXRX,2951,762.88,888.99,8/29/2022,2/21/2020,126.11,76.84,49.27
859,PM,1562,206.92,717.54,11/17/2021,2/25/2022,510.62,59.58,451.04
860,NANO,2166,593.02,679.98,6/17/2020,9/13/2020,86.96,3.05,83.91
861,SVRA,5273,699.27,602.27,5/5/2022,12/25/2022,-97.0,68.45,-165.45
862,DWAC,9984,856.57,554.25,6/2/2020,1/24/2020,-302.32,6.37,-308.69
863,GALT,2111,628.29,568.25,8/5/2021,4/5/2021,-60.04,50.91,-110.95
864,VVUS,7007,83.1,543.92,2/21/2020,2/10/2020,460.82,77.5,383.32
865,MSF,1657,545.18,789.61,7/5/2022,9/14/2020,244.43,26.88,217.55
866,BORN,2488,872.23,410.28,1/23/2021,11/18/2021,-461.95,42.76,-504.71
867,GSM,5132,639.88,245.9,1/7/2020,8/6/2021,-393.98,32.62,-426.6
868,UMC,1394,409.98,604.59,10/30/2021,8/25/2021,194.61,19.87,174.74
869,STBA,5556,867.82,630.46,8/22/2020,1/9/2022,-237.36,35.18,-272.54
870,OLD,7535,224.01,28.06,12/5/2020,4/4/2021,-195.95,73.08,-269.03
871,IGT,6739,439.25,743.77,10/23/2021,6/20/2021,304.52,69.23,235.29
872,MTL,9876,95.66,132.84,10/16/2022,9/20/2022,37.18,1.07,36.11
873,WAGE,55,280.67,140.0,5/13/2021,9/13/2022,-140.67,74.32,-214.99
874,KE,1435,228.77,842.73,8/23/2020,5/9/2020,613.96,40.72,573.24
875,BOCH,746,149.68,286.07,3/19/2022,1/8/2020,136.39,25.18,111.21
876,HRB,9333,479.02,488.17,4/10/2022,9/5/2022,9.15,39.31,-30.16
877,NVR,2813,8.32,178.8,4/30/2020,3/5/2020,170.48,85.07,85.41
878,RELL,9636,589.47,116.18,3/22/2022,8/21/2020,-473.29,17.56,-490.85
879,SHEN,1451,211.29,936.95,12/3/2020,7/13/2022,725.66,57.08,668.58
880,LKQ,6512,258.37,85.52,10/4/2020,11/4/2020,-172.85,47.45,-220.3
881,AGC,4444,511.5,319.04,5/29/2021,10/9/2020,-192.46,15.68,-208.14
882,TWTR,2723,673.93,663.32,8/29/2021,12/14/2021,-10.61,42.63,-53.24
883,FRED,1270,943.18,571.98,5/13/2020,8/19/2022,-371.2,63.08,-434.28
884,BKK,8059,335.81,714.95,6/14/2020,11/20/2020,379.14,69.57,309.57
885,PBIP,9286,332.26,58.05,12/19/2022,6/30/2022,-274.21,84.38,-358.59
886,NHLDW,3243,295.85,890.65,5/15/2021,2/4/2022,594.8,48.6,546.2
887,MSON,8040,152.97,20.43,1/5/2020,7/4/2021,-132.54,84.54,-217.08
888,HUBB,9663,945.55,214.94,1/27/2021,9/4/2021,-730.61,73.58,-804.19
889,AMAG,1709,1.15,338.77,3/12/2021,10/27/2021,337.62,14.95,322.67
890,WSTC,6320,980.89,785.01,6/26/2022,10/19/2020,-195.88,57.74,-253.62
891,GER,1019,644.4,902.72,9/2/2021,6/21/2022,258.32,58.39,199.93
892,VRTS,6577,205.89,646.7,9/12/2020,8/13/2022,440.81,58.47,382.34
893,TOO^B,1852,691.19,85.55,10/27/2020,4/5/2020,-605.64,18.96,-624.6
894,MIXT,262,747.66,710.69,7/12/2022,2/6/2021,-36.97,79.45,-116.42
895,FCE.A,6475,786.7,849.79,12/12/2021,5/24/2021,63.09,15.85,47.24
896,BANC^E,5070,704.71,702.94,10/17/2021,8/22/2022,-1.77,24.78,-26.55
897,ARGX,3877,496.48,720.92,8/19/2022,9/5/2022,224.44,15.86,208.58
898,MPO,2440,218.83,747.39,6/8/2022,3/9/2022,528.56,89.07,439.49
899,MHI,6593,393.31,509.79,3/23/2022,10/9/2021,116.48,91.23,25.25
900,CDE,8576,415.91,164.6,5/7/2021,4/3/2021,-251.31,27.41,-278.72
901,XYL,2553,929.82,94.85,4/13/2020,7/1/2020,-834.97,33.14,-868.11
902,WWW,9315,288.3,477.09,9/27/2020,10/16/2020,188.79,14.83,173.96
903,BOH,4485,491.21,232.93,10/4/2022,5/29/2022,-258.28,15.95,-274.23
904,EDUC,9949,702.11,837.62,9/25/2020,7/23/2020,135.51,82.82,52.69
905,TCO^J,9479,772.99,322.87,11/22/2021,1/11/2020,-450.12,29.22,-479.34
906,KANG,4592,995.84,305.75,12/10/2020,8/10/2020,-690.09,68.16,-758.25
907,BPK,2951,883.99,510.52,12/2/2021,11/16/2021,-373.47,7.03,-380.5
908,RICK,380,724.83,816.51,9/1/2020,2/1/2021,91.68,76.09,15.59
909,LTBR,1761,345.52,573.92,5/3/2021,8/7/2021,228.4,24.0,204.4
910,BSD,5696,570.09,773.21,10/10/2021,9/11/2021,203.12,65.56,137.56
911,SYY,7772,561.04,809.73,3/1/2020,4/14/2022,248.69,69.7,178.99
912,STAF,374,232.2,489.77,5/25/2021,11/16/2021,257.57,74.32,183.25
913,AIQ,8629,534.66,953.8,8/30/2022,10/28/2020,419.14,25.15,393.99
914,GDEN,5669,993.69,599.76,8/30/2020,4/23/2022,-393.93,23.59,-417.52
915,HIO,4982,734.43,372.39,7/4/2022,3/16/2021,-362.04,17.59,-379.63
916,XBIT,9772,704.15,806.84,5/21/2020,8/13/2021,102.69,57.08,45.61
917,MTB,641,895.37,884.67,12/12/2021,5/2/2022,-10.7,56.44,-67.14
918,WGL,206,620.39,234.23,6/26/2020,9/26/2021,-386.16,88.21,-474.37
919,KRNT,71,341.21,665.78,11/15/2020,10/1/2022,324.57,9.88,314.69
920,APO^A,1168,512.35,424.65,2/9/2022,9/13/2022,-87.7,30.12,-117.82
921,BLX,1898,521.97,370.79,1/25/2021,1/5/2022,-151.18,42.54,-193.72
922,VYGR,9615,771.3,252.5,1/1/2020,9/9/2022,-518.8,3.92,-522.72
923,PDEX,7835,636.49,387.11,8/19/2021,4/3/2022,-249.38,14.19,-263.57
924,AAV,3363,501.67,48.89,1/14/2021,11/26/2022,-452.78,38.79,-491.57
925,DMRC,5853,815.62,365.82,10/25/2021,4/19/2020,-449.8,37.61,-487.41
926,DRQ,9488,53.4,603.63,6/3/2020,7/15/2021,550.23,35.26,514.97
927,RIV,4809,66.21,628.41,6/5/2020,12/9/2021,562.2,80.37,481.83
928,TCF.WS,7335,822.19,510.58,9/3/2022,11/26/2021,-311.61,73.77,-385.38
929,APH,2216,706.99,964.62,5/24/2021,10/4/2022,257.63,74.67,182.96
930,FITS,4932,419.41,699.56,1/6/2021,3/16/2021,280.15,99.81,180.34
931,DRAD,3115,518.97,409.93,1/24/2021,7/29/2020,-109.04,52.93,-161.97
932,CIVB,7518,755.05,769.13,9/12/2022,9/30/2022,14.08,98.4,-84.32
933,MLNX,4336,660.08,971.44,8/4/2021,8/5/2021,311.36,22.4,288.96
934,LEG,1262,49.66,879.5,10/1/2022,5/12/2022,829.84,16.31,813.53
935,FSD,8126,7.84,734.37,4/25/2022,5/6/2020,726.53,57.76,668.77
936,PIM,4817,3.39,957.93,12/25/2020,1/26/2020,954.54,54.2,900.34
937,OPHT,7470,835.11,390.22,7/3/2022,5/17/2022,-444.89,63.0,-507.89
938,HPI,5650,640.14,234.54,12/7/2021,11/19/2021,-405.6,80.79,-486.39
939,CONN,3579,25.0,343.96,4/18/2021,12/12/2020,318.96,81.04,237.92
940,EVRI,322,326.85,630.06,10/3/2020,7/31/2020,303.21,35.33,267.88
941,NGHCP,9579,386.61,564.28,12/5/2021,10/25/2022,177.67,12.01,165.66
942,NEO,2734,208.13,364.46,4/30/2020,12/17/2020,156.33,4.57,151.76
943,HCOM,8261,616.69,428.11,2/16/2021,12/17/2020,-188.58,44.58,-233.16
944,PLAY,63,55.65,526.36,12/26/2021,5/26/2022,470.71,11.07,459.64
945,RTIX,7643,331.01,140.87,1/27/2022,9/15/2022,-190.14,66.88,-257.02
946,HNH,5378,667.58,950.45,6/1/2020,4/18/2020,282.87,39.14,243.73
947,MAV,875,111.01,824.46,12/13/2021,3/13/2020,713.45,98.15,615.3
948,DTF,9761,277.09,905.28,1/18/2022,3/8/2021,628.19,22.8,605.39
949,CRK,5094,794.64,218.15,8/12/2022,1/28/2020,-576.49,91.35,-667.84
950,NXTM,2808,374.91,729.56,7/12/2022,9/18/2022,354.65,8.83,345.82
951,SAFM,9293,522.38,906.87,11/4/2020,5/22/2020,384.49,67.6,316.89
952,CORR,8269,5.33,732.24,11/1/2021,12/7/2022,726.91,6.21,720.7
953,NDRA,5118,6.77,331.53,1/4/2020,10/3/2022,324.76,16.02,308.74
954,WHG,8914,903.51,962.41,3/1/2021,2/15/2021,58.9,27.01,31.89
955,KAACW,9367,595.71,202.72,12/25/2022,11/6/2020,-392.99,28.78,-421.77
956,PRAH,520,399.79,189.08,9/23/2020,5/24/2021,-210.71,97.16,-307.87
957,MBWM,9436,822.33,712.85,8/23/2020,9/14/2020,-109.48,24.75,-134.23
958,LAWS,3417,789.04,558.84,11/2/2020,10/7/2020,-230.2,67.75,-297.95
959,SPEX,6786,533.49,882.56,2/15/2020,12/31/2021,349.07,92.74,256.33
960,OHRP,4546,450.77,548.83,7/19/2021,4/29/2021,98.06,79.72,18.34
961,PMF,1533,577.24,983.18,3/4/2020,10/30/2022,405.94,1.87,404.07
962,AFB,10000,162.81,335.5,11/9/2020,2/3/2021,172.69,7.84,164.85
963,GOF,5634,710.11,962.92,11/28/2021,10/28/2021,252.81,2.45,250.36
964,CLFD,8727,690.75,412.32,2/19/2021,10/6/2021,-278.43,82.74,-361.17
965,ATHN,2169,684.23,978.07,9/29/2021,7/8/2022,293.84,91.41,202.43
966,PRTY,7995,354.85,652.6,7/30/2022,1/11/2020,297.75,24.47,273.28
967,AIG,3311,47.04,444.29,2/11/2020,2/22/2020,397.25,88.67,308.58
968,SGBK,8717,586.42,399.2,12/22/2022,5/1/2021,-187.22,27.76,-214.98
969,ATKR,6761,364.65,659.88,5/16/2022,1/26/2022,295.23,71.65,223.58
970,NXC,9728,390.94,339.14,8/13/2020,10/27/2022,-51.8,91.57,-143.37
971,CUK,6589,628.21,969.4,9/2/2022,8/11/2020,341.19,16.08,325.11
972,SYNT,6494,929.38,671.11,10/3/2020,9/6/2021,-258.27,12.61,-270.88
973,CSWI,356,999.48,620.4,11/27/2022,12/27/2021,-379.08,8.08,-387.16
974,PKE,1782,101.31,409.49,8/14/2020,10/21/2022,308.18,91.44,216.74
975,DNB,8625,321.54,536.16,12/17/2020,11/19/2021,214.62,19.85,194.77
976,CERN,1670,185.22,459.79,1/31/2022,8/8/2020,274.57,96.7,177.87
977,STBA,6731,687.08,530.1,6/2/2020,3/27/2020,-156.98,89.82,-246.8
978,STI^E,8788,999.61,817.12,11/29/2020,9/24/2020,-182.49,21.72,-204.21
979,NURO,4297,53.29,142.39,3/13/2021,3/6/2020,89.1,20.94,68.16
980,SCZ,3428,712.86,80.11,5/17/2022,10/23/2021,-632.75,57.83,-690.58
981,SNOAW,552,411.46,645.82,1/9/2021,8/13/2022,234.36,15.93,218.43
982,CIM^B,6624,684.07,877.85,3/3/2022,2/15/2021,193.78,24.23,169.55
983,ODP,3920,535.52,971.15,4/1/2021,8/12/2020,435.63,53.12,382.51
984,PQ,2318,595.76,444.94,5/8/2021,6/15/2020,-150.82,47.82,-198.64
985,COLM,2294,799.22,853.41,5/29/2020,6/28/2020,54.19,44.79,9.4
986,OFG^D,5546,208.95,263.44,10/23/2020,8/3/2021,54.49,81.5,-27.01
987,SOHO,844,264.15,994.83,2/21/2020,12/25/2022,730.68,88.52,642.16
988,RFTA,6377,863.17,382.98,9/18/2022,11/20/2022,-480.19,49.4,-529.59
989,GAB^H,5045,399.67,921.01,3/26/2021,3/31/2022,521.34,77.55,443.79
990,FBK,3759,51.08,939.54,10/31/2022,2/7/2021,888.46,58.3,830.16
991,CAFD,8938,398.19,520.87,4/17/2021,9/13/2021,122.68,78.19,44.49
992,CMD,9961,884.2,444.21,4/4/2022,3/11/2022,-439.99,62.96,-502.95
993,FPXI,6183,392.9,644.09,10/3/2021,12/22/2021,251.19,33.69,217.5
994,PSB^W,118,938.94,204.38,11/13/2020,2/12/2020,-734.56,21.03,-755.59
995,CDNA,8964,15.92,932.34,11/13/2021,7/4/2021,916.42,83.35,833.07
996,HBIO,5367,474.22,835.53,1/16/2022,8/17/2021,361.31,24.1,337.21
997,TICCL,5743,214.91,65.71,9/27/2020,5/12/2020,-149.2,85.05,-234.25
998,BOKF,8157,685.58,40.06,7/1/2020,10/30/2022,-645.52,95.16,-740.68
999,PPSI,3280,134.01,796.69,7/6/2020,4/16/2021,662.68,4.74,657.94
1000,EML,6312,334.74,376.52,6/19/2021,6/15/2022,41.78,28.09,13.69
